,Date,Distance,Calories,Avg HR,Avg Run Cadence,Avg Pace,Best Pace,Avg Stride Length,Elapsed Time,Avg Speed,Best Speed,Count,isInjured
805,2019-07-09 14:19:00,2.52,167.0,146.0,148,7.833333333333333,6.25,1.4,19.766666666666666,7.659574468085107,9.6,1,0
803,2019-07-12 09:29:00,6.04,556.0,166.0,150,8.716666666666667,3.1666666666666665,1.23,52.7,6.8833652007648185,18.947368421052634,1,0
802,2019-07-16 11:19:00,5.63,518.0,166.0,148,8.783333333333333,6.75,1.24,85.48333333333333,6.83111954459203,8.88888888888889,1,0
801,2019-07-19 09:39:00,4.03,390.0,167.0,150,9.016666666666667,1.0333333333333334,1.19,36.333333333333336,6.6543438077634,58.06451612903225,1,0
798,2019-07-30 12:02:00,4.81,449.0,167.0,148,8.7,5.2,1.24,51.75,6.8965517241379315,11.538461538461538,1,0
797,2019-07-31 12:00:00,7.01,641.0,173.0,148,8.266666666666667,4.4,1.31,65.33333333333333,7.258064516129031,13.636363636363635,1,0
795,2019-08-02 19:08:00,7.01,611.0,167.0,148,8.183333333333334,4.15,1.33,61.06666666666667,7.3319755600814664,14.457831325301203,1,0
791,2019-08-08 09:27:00,4.0,206.0,134.0,148,7.7,5.85,1.41,30.833333333333332,7.792207792207792,10.256410256410257,1,0
790,2019-08-11 20:13:00,8.0,740.0,157.0,148,8.95,4.366666666666666,1.22,71.71666666666667,6.703910614525141,13.740458015267176,1,0
789,2019-08-16 09:34:00,3.97,376.0,161.0,144,9.066666666666666,5.55,1.23,36.05,6.61764705882353,10.81081081081081,1,0
788,2019-08-17 15:56:00,3.01,262.0,166.0,148,7.55,5.216666666666667,1.44,22.733333333333334,7.9470198675496695,11.501597444089457,1,0
787,2019-08-18 06:44:00,7.0,670.0,171.0,150,8.133333333333333,7.15,1.33,56.916666666666664,7.3770491803278695,8.391608391608392,1,0
786,2019-08-19 08:11:00,3.27,306.0,152.0,154,9.25,6.916666666666667,1.13,30.25,6.486486486486487,8.674698795180722,1,0
785,2019-08-19 18:05:00,2.35,216.0,160.0,148,8.25,2.7,1.31,19.4,7.2727272727272725,22.22222222222222,1,0
783,2019-08-21 09:09:00,4.1,411.0,170.0,152,7.966666666666667,6.016666666666667,1.32,32.61666666666667,7.531380753138075,9.97229916897507,1,0
782,2019-08-22 07:38:00,5.07,494.0,150.0,152,8.933333333333334,7.083333333333333,1.19,50.016666666666666,6.716417910447761,8.470588235294118,1,0
781,2019-08-23 08:25:00,4.05,375.0,158.0,152,8.0,6.783333333333333,1.32,35.96666666666667,7.5,8.845208845208845,1,0
780,2019-08-24 08:44:00,5.99,461.0,155.0,156,7.033333333333333,5.033333333333333,1.47,81.51666666666667,8.530805687203792,11.920529801324504,1,0
779,2019-08-24 10:26:00,0.26,20.0,129.0,154,8.616666666666667,3.0166666666666666,1.21,134.7,6.963249516441006,19.88950276243094,1,0
778,2019-08-25 08:17:00,7.18,691.0,150.0,150,9.033333333333333,6.833333333333333,1.19,64.91666666666667,6.642066420664206,8.78048780487805,1,0
777,2019-08-26 15:18:00,4.39,393.0,154.0,148,7.9,7.2,1.38,39.36666666666667,7.594936708860759,8.333333333333334,1,0
776,2019-08-27 16:34:00,6.62,603.0,158.0,152,8.016666666666667,3.3333333333333335,1.31,65.21666666666667,7.484407484407484,18.0,1,0
774,2019-08-29 15:16:00,4.48,423.0,162.0,148,7.9,1.35,1.38,36.85,7.594936708860759,44.44444444444444,1,0
773,2019-08-30 15:22:00,1.79,173.0,155.0,148,8.516666666666667,5.2,1.28,22.483333333333334,7.045009784735812,11.538461538461538,1,0
772,2019-08-30 17:20:00,3.92,387.0,171.0,154,8.0,4.8,1.31,31.333333333333332,7.5,12.5,1,0
770,2019-08-31 12:51:00,6.01,543.0,147.0,150,8.733333333333333,5.616666666666667,1.23,52.43333333333333,6.870229007633588,10.682492581602373,1,0
769,2019-09-01 08:15:00,5.62,485.0,154.0,152,7.783333333333333,6.416666666666667,1.35,44.666666666666664,7.7087794432548185,9.35064935064935,1,0
767,2019-09-03 15:54:00,5.5,545.0,163.0,146,8.6,5.533333333333333,1.27,47.333333333333336,6.976744186046512,10.843373493975903,1,0
766,2019-09-03 16:49:00,0.72,70.0,143.0,150,9.316666666666666,3.5166666666666666,1.15,402.6,6.440071556350627,17.061611374407583,1,0
765,2019-09-05 15:14:00,2.01,167.0,149.0,148,7.7,2.7666666666666666,1.41,15.55,7.792207792207792,21.686746987951807,1,0
764,2019-09-05 15:43:00,3.15,287.0,166.0,154,7.383333333333334,5.65,1.41,29.666666666666668,8.126410835214447,10.619469026548671,1,0
762,2019-09-06 15:17:00,5.01,457.0,146.0,148,8.7,6.9,1.24,47.13333333333333,6.8965517241379315,8.695652173913043,1,0
761,2019-09-07 09:01:00,2.47,210.0,143.0,150,8.166666666666666,1.1,1.31,35.0,7.346938775510204,54.54545454545454,1,0
760,2019-09-07 09:52:00,3.84,279.0,165.0,164,5.916666666666667,4.816666666666666,1.67,38.416666666666664,10.140845070422534,12.456747404844291,1,0
759,2019-09-07 11:04:00,1.0,96.0,141.0,152,8.85,2.4833333333333334,1.2,531.8,6.779661016949153,24.161073825503355,1,0
757,2019-09-09 15:39:00,5.01,464.0,155.0,150,7.916666666666667,1.5666666666666667,1.37,40.416666666666664,7.578947368421052,38.297872340425535,1,0
755,2019-09-10 05:56:00,6.0,528.0,163.0,156,7.15,6.45,1.45,42.916666666666664,8.391608391608392,9.30232558139535,1,0
753,2019-09-11 14:58:00,3.51,337.0,158.0,148,8.083333333333334,4.116666666666666,1.34,30.866666666666667,7.422680412371133,14.574898785425102,1,0
752,2019-09-11 15:30:00,1.5,157.0,166.0,146,8.45,7.766666666666667,1.3,12.666666666666666,7.100591715976332,7.725321888412017,1,0
751,2019-09-16 15:09:00,4.35,428.0,165.0,150,8.016666666666667,4.033333333333333,1.33,34.88333333333333,7.484407484407484,14.87603305785124,1,0
750,2019-09-17 15:26:00,4.47,372.0,158.0,152,7.35,3.55,1.43,60.95,8.16326530612245,16.901408450704228,1,0
749,2019-09-17 16:36:00,2.24,171.0,168.0,168,6.266666666666667,1.4166666666666667,1.51,29.483333333333334,9.574468085106384,42.35294117647059,1,0
748,2019-09-17 17:17:00,1.91,199.0,162.0,152,8.816666666666666,5.25,1.19,16.833333333333332,6.805293005671078,11.428571428571429,1,0
747,2019-09-19 15:57:00,3.03,240.0,159.0,152,7.733333333333333,1.0,1.37,26.483333333333334,7.758620689655173,60.0,1,0
745,2019-09-20 15:10:00,3.41,290.0,159.0,150,8.15,6.066666666666666,1.32,27.766666666666666,7.361963190184048,9.89010989010989,1,0
741,2019-09-22 12:41:00,5.5,530.0,162.0,152,9.0,6.566666666666666,1.17,49.63333333333333,6.666666666666667,9.137055837563452,1,0
740,2019-09-24 15:05:00,2.18,187.0,148.0,150,8.933333333333334,6.733333333333333,1.19,33.21666666666667,6.716417910447761,8.910891089108912,1,0
738,2019-09-24 16:48:00,1.62,157.0,154.0,150,9.033333333333333,7.666666666666667,1.19,14.583333333333334,6.642066420664206,7.826086956521739,1,0
737,2019-09-26 15:12:00,1.98,158.0,153.0,152,7.65,4.0,1.39,17.966666666666665,7.8431372549019605,15.0,1,0
736,2019-09-26 15:35:00,2.94,239.0,170.0,156,6.766666666666667,6.133333333333334,1.54,19.9,8.866995073891626,9.782608695652174,1,0
735,2019-09-26 16:24:00,0.99,90.0,157.0,154,7.966666666666667,3.283333333333333,1.31,473.3,7.531380753138075,18.274111675126903,1,0
734,2019-09-27 13:20:00,1.96,173.0,143.0,150,9.066666666666666,3.4,1.18,25.766666666666666,6.61764705882353,17.647058823529413,1,0
731,2019-09-28 18:29:00,3.01,284.0,155.0,152,8.25,5.616666666666667,1.28,24.866666666666667,7.2727272727272725,10.682492581602373,1,0
730,2019-09-29 18:49:00,4.06,363.0,164.0,150,7.466666666666667,5.416666666666667,1.43,30.316666666666666,8.035714285714285,11.076923076923077,1,0
729,2019-09-30 15:23:00,4.02,378.0,159.0,150,8.116666666666667,4.9,1.32,33.55,7.392197125256673,12.244897959183673,1,0
728,2019-10-01 15:15:00,1.93,169.0,168.0,152,7.1,6.433333333333334,1.48,16.716666666666665,8.450704225352114,9.32642487046632,1,0
726,2019-10-03 15:09:00,4.63,419.0,160.0,154,7.783333333333333,6.9,1.34,48.53333333333333,7.7087794432548185,8.695652173913043,1,0
725,2019-10-04 08:07:00,2.03,162.0,142.0,156,8.1,7.15,1.27,26.15,7.407407407407407,8.391608391608392,1,0
724,2019-10-04 08:46:00,2.37,174.0,148.0,160,7.0,5.566666666666666,1.43,34.4,8.571428571428571,10.778443113772456,1,0
723,2019-10-05 13:21:00,4.01,348.0,160.0,156,7.166666666666667,6.566666666666666,1.44,28.7,8.372093023255813,9.137055837563452,1,0
722,2019-10-06 17:30:00,6.01,549.0,162.0,154,7.433333333333334,5.766666666666667,1.4,44.7,8.071748878923767,10.404624277456648,1,0
721,2019-10-07 15:39:00,4.95,468.0,162.0,156,7.65,3.2333333333333334,1.36,41.13333333333333,7.8431372549019605,18.556701030927833,1,0
720,2019-10-08 15:14:00,1.49,137.0,150.0,154,8.116666666666667,6.666666666666667,1.29,14.583333333333334,7.392197125256673,9.0,1,0
719,2019-10-08 15:44:00,2.01,167.0,167.0,160,6.583333333333333,6.266666666666667,1.53,13.2,9.113924050632912,9.574468085106384,1,0
718,2019-10-09 15:56:00,5.01,460.0,164.0,154,7.4,5.55,1.41,39.233333333333334,8.108108108108107,10.81081081081081,1,0
717,2019-10-09 20:41:00,2.04,183.0,163.0,158,7.216666666666667,6.466666666666667,1.42,14.95,8.314087759815243,9.278350515463917,1,0
716,2019-10-10 15:13:00,3.86,364.0,161.0,154,7.733333333333333,6.566666666666666,1.35,30.283333333333335,7.758620689655173,9.137055837563452,1,0
715,2019-10-10 15:52:00,1.72,162.0,172.0,162,7.233333333333333,4.933333333333334,1.37,12.466666666666667,8.294930875576037,12.162162162162161,1,0
713,2019-10-11 09:18:00,1.91,162.0,154.0,156,7.583333333333333,6.566666666666666,1.36,17.216666666666665,7.912087912087912,9.137055837563452,1,0
710,2019-10-13 08:43:00,8.01,674.0,152.0,156,7.866666666666667,6.55,1.31,69.51666666666667,7.627118644067796,9.160305343511451,1,0
709,2019-10-14 15:46:00,4.07,390.0,161.0,154,7.666666666666667,6.683333333333334,1.36,32.55,7.826086956521739,8.977556109725686,1,0
708,2019-10-15 15:05:00,0.47,40.0,143.0,156,7.866666666666667,5.6,1.31,224.0,7.627118644067796,10.714285714285715,1,0
707,2019-10-15 15:22:00,1.83,168.0,152.0,154,7.85,6.966666666666667,1.32,17.3,7.643312101910828,8.61244019138756,1,0
706,2019-10-15 15:46:00,1.85,161.0,173.0,158,6.55,6.016666666666667,1.54,13.0,9.160305343511451,9.97229916897507,1,0
705,2019-10-15 16:11:00,1.39,108.0,156.0,166,6.516666666666667,4.766666666666667,1.49,19.133333333333333,9.207161125319693,12.587412587412588,1,0
704,2019-10-15 16:44:00,2.0,195.0,152.0,154,8.366666666666667,4.583333333333333,1.24,16.766666666666666,7.171314741035856,13.090909090909092,1,0
703,2019-10-16 15:31:00,3.83,354.0,159.0,156,7.616666666666667,5.883333333333333,1.35,29.2,7.877461706783369,10.19830028328612,1,0
702,2019-10-17 15:14:00,2.99,278.0,163.0,156,7.483333333333333,6.866666666666667,1.38,22.316666666666666,8.017817371937639,8.737864077669903,1,0
700,2019-10-18 15:48:00,2.11,188.0,162.0,156,7.233333333333333,5.883333333333333,1.42,20.15,8.294930875576037,10.19830028328612,1,0
697,2019-10-19 18:26:00,4.01,365.0,155.0,152,7.933333333333334,2.6,1.32,33.95,7.563025210084033,23.076923076923077,1,0
696,2019-10-20 08:22:00,7.05,614.0,154.0,156,7.783333333333333,5.333333333333333,1.32,73.08333333333333,7.7087794432548185,11.25,1,0
695,2019-10-20 09:39:00,0.3,25.0,141.0,158,8.033333333333333,6.416666666666667,1.27,146.3,7.468879668049793,9.35064935064935,1,0
694,2019-10-21 16:32:00,3.91,343.0,151.0,156,7.716666666666667,1.9166666666666665,1.34,30.55,7.775377969762419,31.30434782608696,1,0
693,2019-10-22 15:02:00,2.46,212.0,146.0,154,7.883333333333333,6.566666666666666,1.33,32.516666666666666,7.6109936575052854,9.137055837563452,1,0
692,2019-10-22 15:48:00,2.24,167.0,162.0,172,6.016666666666667,4.2,1.56,23.433333333333334,9.97229916897507,14.285714285714285,1,0
691,2019-10-23 15:47:00,6.68,593.0,158.0,154,7.5,6.333333333333333,1.39,52.86666666666667,8.0,9.473684210526317,1,0
690,2019-10-24 07:39:00,3.01,275.0,156.0,156,7.65,6.416666666666667,1.35,24.483333333333334,7.8431372549019605,9.35064935064935,1,0
689,2019-10-24 15:02:00,4.38,405.0,156.0,156,7.816666666666666,5.9,1.32,45.71666666666667,7.67590618336887,10.169491525423728,1,0
687,2019-10-25 15:36:00,2.82,205.0,154.0,162,6.233333333333333,3.466666666666667,1.59,38.583333333333336,9.62566844919786,17.307692307692307,1,0
686,2019-10-26 08:46:00,4.92,487.0,150.0,156,9.116666666666667,4.766666666666667,1.13,46.96666666666667,6.581352833638025,12.587412587412588,1,0
685,2019-10-28 15:17:00,3.09,277.0,154.0,154,7.666666666666667,6.833333333333333,1.36,24.533333333333335,7.826086956521739,8.78048780487805,1,0
684,2019-10-29 16:14:00,2.05,150.0,165.0,164,5.833333333333333,4.516666666666667,1.68,11.966666666666667,10.285714285714286,13.284132841328413,1,0
682,2019-10-30 17:15:00,2.52,209.0,147.0,156,7.633333333333333,6.95,1.35,28.916666666666668,7.860262008733625,8.633093525179856,1,0
681,2019-11-01 08:18:00,3.0,247.0,160.0,162,6.733333333333333,5.2,1.47,20.216666666666665,8.910891089108912,11.538461538461538,1,0
679,2019-11-03 14:01:00,7.57,683.0,159.0,156,7.733333333333333,3.1,1.33,64.43333333333334,7.758620689655173,19.35483870967742,1,0
678,2019-11-04 15:21:00,4.0,364.0,157.0,156,7.633333333333333,6.8,1.35,33.25,7.860262008733625,8.823529411764707,1,0
677,2019-11-07 15:15:00,2.13,202.0,158.0,156,7.866666666666667,6.833333333333333,1.32,16.716666666666665,7.627118644067796,8.78048780487805,1,0
676,2019-11-09 11:07:00,3.15,295.0,157.0,156,7.783333333333333,6.683333333333334,1.33,28.4,7.7087794432548185,8.977556109725686,1,0
675,2019-11-15 14:31:00,2.73,261.0,168.0,156,7.3,5.666666666666667,1.41,20.466666666666665,8.219178082191782,10.588235294117647,1,0
674,2019-11-17 13:24:00,4.61,428.0,159.0,154,7.616666666666667,6.133333333333334,1.37,35.13333333333333,7.877461706783369,9.782608695652174,1,0
673,2019-11-19 15:18:00,3.82,348.0,157.0,156,7.583333333333333,5.883333333333333,1.37,29.533333333333335,7.912087912087912,10.19830028328612,1,0
672,2019-11-20 15:49:00,4.16,378.0,158.0,154,7.5,5.266666666666667,1.39,31.933333333333334,8.0,11.39240506329114,1,0
671,2019-11-21 15:09:00,4.0,361.0,154.0,156,7.583333333333333,4.816666666666666,1.36,30.716666666666665,7.912087912087912,12.456747404844291,1,0
670,2019-11-22 15:47:00,1.03,98.0,154.0,154,7.866666666666667,3.8833333333333333,1.33,487.0,7.627118644067796,15.450643776824034,1,0
669,2019-11-22 16:03:00,4.48,425.0,168.0,158,7.166666666666667,5.35,1.41,32.13333333333333,8.372093023255813,11.214953271028039,1,0
666,2019-12-03 15:31:00,2.11,177.0,146.0,154,7.8,1.2666666666666666,1.34,27.516666666666666,7.6923076923076925,47.36842105263158,1,0
665,2019-12-07 08:46:00,8.01,754.0,162.0,156,7.666666666666667,4.083333333333333,1.35,62.13333333333333,7.826086956521739,14.693877551020408,1,0
663,2019-12-10 14:41:00,2.11,205.0,159.0,154,7.983333333333333,6.2,1.31,16.883333333333333,7.515657620041754,9.67741935483871,1,0
662,2019-12-10 15:04:00,3.34,291.0,164.0,160,6.966666666666667,5.333333333333333,1.44,23.283333333333335,8.61244019138756,11.25,1,0
661,2019-12-10 15:33:00,3.0,292.0,159.0,156,8.05,5.166666666666667,1.29,27.633333333333333,7.453416149068322,11.61290322580645,1,0
660,2019-12-11 15:14:00,7.0,659.0,170.0,158,7.35,5.633333333333333,1.39,56.483333333333334,8.16326530612245,10.650887573964498,1,0
659,2019-12-12 12:40:00,4.95,444.0,160.0,160,7.783333333333333,5.8,1.3,44.483333333333334,7.7087794432548185,10.344827586206897,1,0
658,2019-12-13 11:38:00,4.0,353.0,160.0,158,7.416666666666667,6.783333333333333,1.37,30.35,8.089887640449438,8.845208845208845,1,0
657,2019-12-14 12:22:00,1.98,142.0,139.0,158,7.35,6.5,1.39,14.533333333333333,8.16326530612245,9.23076923076923,1,0
652,2019-12-14 13:28:00,2.44,212.0,148.0,156,7.883333333333333,4.95,1.31,19.466666666666665,7.6109936575052854,12.121212121212121,1,0
651,2019-12-15 16:16:00,8.21,781.0,164.0,158,7.716666666666667,5.316666666666666,1.32,69.93333333333334,7.775377969762419,11.285266457680251,1,0
650,2019-12-16 09:46:00,1.01,90.0,159.0,156,7.366666666666666,5.783333333333333,1.4,445.6,8.144796380090499,10.37463976945245,1,0
649,2019-12-16 10:20:00,1.51,141.0,163.0,156,7.45,6.366666666666666,1.39,11.25,8.053691275167784,9.424083769633508,1,0
648,2019-12-17 12:59:00,1.95,167.0,154.0,156,7.2,4.35,1.42,14.05,8.333333333333334,13.793103448275863,1,0
647,2019-12-17 13:32:00,4.0,318.0,160.0,164,6.516666666666667,5.7,1.51,28.933333333333334,9.207161125319693,10.526315789473683,1,0
646,2019-12-17 14:14:00,2.51,257.0,163.0,156,7.9,7.116666666666666,1.31,19.866666666666667,7.594936708860759,8.430913348946136,1,0
645,2019-12-18 11:46:00,0.33,27.0,148.0,158,7.416666666666667,6.0,1.37,147.8,8.089887640449438,10.0,1,0
644,2019-12-21 15:25:00,10.0,871.0,159.0,156,7.633333333333333,5.866666666666667,1.35,85.61666666666666,7.860262008733625,10.227272727272727,1,0
642,2019-12-22 09:31:00,3.01,262.0,151.0,156,7.666666666666667,6.15,1.35,23.05,7.826086956521739,9.75609756097561,1,0
641,2019-12-23 11:15:00,1.74,138.0,153.0,160,6.75,2.716666666666667,1.48,22.4,8.88888888888889,22.085889570552148,1,0
631,2019-12-24 12:05:00,2.0,173.0,155.0,158,7.2,6.416666666666667,1.42,17.533333333333335,8.333333333333334,9.35064935064935,1,0
630,2019-12-24 12:53:00,3.01,247.0,148.0,158,7.383333333333334,5.6,1.37,48.15,8.126410835214447,10.714285714285715,1,0
629,2019-12-25 10:53:00,10.0,925.0,163.0,156,7.483333333333333,5.05,1.38,85.1,8.017817371937639,11.881188118811881,1,0
628,2020-01-06 13:13:00,1.01,58.0,124.0,158,7.15,5.866666666666667,1.42,433.1,8.391608391608392,10.227272727272727,1,0
627,2020-01-08 11:37:00,6.84,647.0,157.0,156,8.066666666666666,5.883333333333333,1.28,56.6,7.43801652892562,10.19830028328612,1,0
623,2020-01-11 08:13:00,7.72,752.0,163.0,154,8.05,5.616666666666667,1.29,67.45,7.453416149068322,10.682492581602373,1,0
622,2020-01-12 19:21:00,4.2,374.0,157.0,156,7.583333333333333,1.4333333333333333,1.36,34.0,7.912087912087912,41.860465116279066,1,0
621,2020-01-13 11:32:00,2.95,274.0,161.0,156,7.533333333333333,5.733333333333333,1.37,22.45,7.964601769911504,10.465116279069766,1,0
620,2020-01-14 13:49:00,2.5,220.0,163.0,158,7.05,5.083333333333333,1.45,17.666666666666668,8.51063829787234,11.80327868852459,1,0
619,2020-01-21 15:13:00,1.91,178.0,154.0,154,7.883333333333333,5.133333333333334,1.33,15.033333333333333,7.6109936575052854,11.688311688311687,1,0
618,2020-01-22 11:12:00,5.08,514.0,162.0,156,8.15,2.3166666666666664,1.27,52.6,7.361963190184048,25.89928057553957,1,0
617,2020-01-23 11:14:00,4.0,376.0,160.0,156,7.75,6.733333333333333,1.33,32.0,7.741935483870968,8.910891089108912,1,0
615,2020-01-29 16:10:00,5.68,525.0,159.0,156,8.166666666666666,0.7166666666666667,1.26,47.983333333333334,7.346938775510204,83.72093023255813,1,0
612,2020-01-31 15:50:00,1.68,119.0,141.0,156,7.333333333333333,6.8,1.41,12.283333333333333,8.181818181818182,8.823529411764707,1,0
611,2020-01-31 16:09:00,4.01,259.0,145.0,164,6.433333333333334,5.633333333333333,1.54,25.883333333333333,9.32642487046632,10.650887573964498,1,0
610,2020-01-31 16:39:00,1.28,105.0,155.0,158,7.1,5.583333333333333,1.43,544.9,8.450704225352114,10.746268656716419,1,0
609,2020-02-01 14:11:00,7.51,601.0,156.0,158,7.133333333333334,1.6333333333333333,1.44,55.46666666666667,8.411214953271028,36.734693877551024,1,0
608,2020-02-02 12:12:00,6.01,585.0,155.0,168,8.55,6.233333333333333,1.11,57.45,7.017543859649122,9.62566844919786,1,0
605,2020-02-14 13:10:00,1.47,148.0,148.0,154,9.016666666666667,3.033333333333333,1.16,13.25,6.6543438077634,19.78021978021978,1,0
604,2020-02-16 11:50:00,7.63,735.0,155.0,156,8.6,6.766666666666667,1.2,76.58333333333333,6.976744186046512,8.866995073891626,1,0
603,2020-02-17 15:43:00,2.92,274.0,158.0,154,7.733333333333333,0.9166666666666666,1.35,22.6,7.758620689655173,65.45454545454545,1,0
601,2020-02-20 12:20:00,3.9,350.0,156.0,156,7.533333333333333,1.15,1.37,29.533333333333335,7.964601769911504,52.173913043478265,1,0
600,2020-02-21 08:13:00,3.77,343.0,155.0,158,7.6,5.666666666666667,1.35,29.3,7.894736842105264,10.588235294117647,1,0
598,2020-02-22 12:35:00,1.42,132.0,160.0,156,7.533333333333333,6.333333333333333,1.37,10.916666666666666,7.964601769911504,9.473684210526317,1,0
597,2020-02-23 09:35:00,2.95,252.0,149.0,156,7.65,6.883333333333333,1.35,22.55,7.8431372549019605,8.716707021791768,1,0
596,2020-02-26 15:26:00,5.73,517.0,154.0,156,7.766666666666667,1.3333333333333333,1.33,53.8,7.725321888412017,45.0,1,0
595,2020-02-27 12:11:00,3.03,261.0,147.0,156,7.733333333333333,5.85,1.34,23.416666666666668,7.758620689655173,10.256410256410257,1,0
592,2020-03-05 12:12:00,5.02,446.0,154.0,156,7.783333333333333,6.5,1.33,39.5,7.7087794432548185,9.23076923076923,1,0
591,2020-03-06 15:10:00,5.19,432.0,163.0,160,6.75,5.25,1.48,35.083333333333336,8.88888888888889,11.428571428571429,1,0
590,2020-03-07 09:35:00,5.77,502.0,159.0,158,7.316666666666666,4.35,1.39,45.21666666666667,8.200455580865604,13.793103448275863,1,0
589,2020-03-07 10:25:00,0.79,74.0,161.0,158,7.5,6.75,1.36,380.4,8.0,8.88888888888889,1,0
588,2020-03-11 14:11:00,6.31,685.0,165.0,156,8.783333333333333,6.033333333333333,1.18,78.6,6.83111954459203,9.94475138121547,1,0
587,2020-03-12 12:13:00,3.05,276.0,159.0,154,7.416666666666667,2.8666666666666667,1.4,22.666666666666668,8.089887640449438,20.930232558139533,1,0
582,2020-03-12 14:03:00,2.55,250.0,169.0,154,7.533333333333333,6.8,1.4,19.233333333333334,7.964601769911504,8.823529411764707,1,0
581,2020-03-14 12:43:00,3.04,279.0,156.0,158,7.8,0.9666666666666667,1.31,23.683333333333334,7.6923076923076925,62.06896551724138,1,0
580,2020-03-15 15:50:00,4.49,415.0,162.0,154,7.616666666666667,4.7,1.36,34.2,7.877461706783369,12.76595744680851,1,0
579,2020-03-16 12:31:00,3.99,363.0,157.0,156,7.7,3.1666666666666665,1.33,30.7,7.792207792207792,18.947368421052634,1,0
578,2020-03-19 12:59:00,3.01,278.0,155.0,156,7.866666666666667,3.6666666666666665,1.31,23.983333333333334,7.627118644067796,16.363636363636363,1,0
577,2020-03-25 12:52:00,3.67,318.0,159.0,154,7.333333333333333,6.016666666666667,1.43,26.9,8.181818181818182,9.97229916897507,1,0
576,2020-03-27 16:30:00,3.38,291.0,163.0,156,7.116666666666666,6.05,1.44,24.1,8.430913348946136,9.917355371900827,1,0
574,2020-03-30 15:19:00,4.01,337.0,158.0,158,7.116666666666666,1.3333333333333333,1.43,29.016666666666666,8.430913348946136,45.0,1,0
573,2020-03-31 12:21:00,3.34,300.0,167.0,158,7.033333333333333,6.4,1.45,23.516666666666666,8.530805687203792,9.375,1,0
572,2020-04-01 13:40:00,3.01,274.0,172.0,156,7.05,6.55,1.46,21.183333333333334,8.51063829787234,9.160305343511451,1,0
571,2020-04-02 10:31:00,5.02,488.0,171.0,158,7.65,5.566666666666666,1.34,42.56666666666667,7.8431372549019605,10.778443113772456,1,0
570,2020-04-03 10:43:00,4.01,360.0,174.0,156,6.933333333333334,5.966666666666667,1.48,27.8,8.653846153846153,10.05586592178771,1,0
569,2020-04-05 11:02:00,7.01,611.0,160.0,158,7.583333333333333,5.65,1.35,54.93333333333333,7.912087912087912,10.619469026548671,1,0
568,2020-04-06 14:02:00,4.01,350.0,168.0,156,6.983333333333333,1.9833333333333334,1.48,28.0,8.591885441527447,30.252100840336134,1,0
567,2020-04-07 11:33:00,6.01,546.0,165.0,158,7.5,6.033333333333333,1.36,50.18333333333333,8.0,9.94475138121547,1,0
566,2020-04-08 13:20:00,3.01,246.0,161.0,156,6.833333333333333,6.016666666666667,1.5,22.266666666666666,8.78048780487805,9.97229916897507,1,0
565,2020-04-09 14:35:00,6.01,498.0,159.0,158,7.133333333333334,6.316666666666666,1.44,48.43333333333333,8.411214953271028,9.49868073878628,1,0
564,2020-04-10 18:14:00,6.01,513.0,162.0,156,6.966666666666667,6.216666666666667,1.48,43.88333333333333,8.61244019138756,9.651474530831099,1,0
563,2020-04-11 12:05:00,3.5,313.0,168.0,156,6.833333333333333,6.15,1.51,44.25,8.78048780487805,9.75609756097561,1,0
562,2020-04-11 12:54:00,0.49,50.0,171.0,156,7.566666666666666,5.95,1.36,223.1,7.929515418502203,10.084033613445378,1,0
561,2020-04-12 17:05:00,4.0,377.0,161.0,158,7.533333333333333,5.533333333333333,1.36,31.683333333333334,7.964601769911504,10.843373493975903,1,0
559,2020-04-14 11:05:00,7.0,619.0,156.0,158,7.483333333333333,6.0,1.36,55.766666666666666,8.017817371937639,10.0,1,0
558,2020-04-15 16:44:00,7.01,629.0,157.0,158,7.433333333333334,5.883333333333333,1.38,53.43333333333333,8.071748878923767,10.19830028328612,1,0
557,2020-04-16 14:30:00,2.01,197.0,157.0,156,7.866666666666667,6.366666666666666,1.31,15.766666666666667,7.627118644067796,9.424083769633508,1,0
556,2020-04-16 14:54:00,3.84,321.0,158.0,158,6.783333333333333,4.333333333333333,1.51,26.516666666666666,8.845208845208845,13.846153846153847,1,0
555,2020-04-16 15:27:00,2.49,260.0,170.0,156,7.733333333333333,6.566666666666666,1.33,22.65,7.758620689655173,9.137055837563452,1,0
554,2020-04-17 16:56:00,4.01,356.0,162.0,158,7.233333333333333,6.15,1.4,29.3,8.294930875576037,9.75609756097561,1,0
552,2020-04-18 12:59:00,3.01,268.0,160.0,160,7.283333333333333,5.933333333333334,1.39,22.666666666666668,8.237986270022883,10.112359550561797,1,0
551,2020-04-20 15:18:00,4.01,339.0,162.0,158,6.8,5.866666666666667,1.49,27.266666666666666,8.823529411764707,10.227272727272727,1,0
549,2020-05-06 13:17:00,1.04,83.0,154.0,160,6.583333333333333,5.4,1.53,412.7,9.113924050632912,11.11111111111111,1,0
548,2020-05-07 10:52:00,1.03,82.0,155.0,160,6.6,5.183333333333334,1.52,423.2,9.090909090909092,11.57556270096463,1,0
547,2020-06-13 10:54:00,2.01,166.0,165.0,160,7.916666666666667,7.083333333333333,1.27,15.866666666666667,7.578947368421052,8.470588235294118,1,0
546,2020-06-14 10:08:00,2.26,203.0,165.0,159,8.416666666666666,6.666666666666667,1.2,19.316666666666666,7.128712871287129,9.0,1,0
545,2020-06-18 08:02:00,1.47,125.0,162.0,154,7.933333333333334,7.333333333333333,1.32,11.666666666666666,7.563025210084033,8.181818181818182,1,0
544,2020-06-19 07:59:00,2.68,241.0,159.0,159,8.3,6.633333333333333,1.22,22.266666666666666,7.228915662650602,9.045226130653267,1,0
543,2020-06-20 09:00:00,2.97,264.0,164.0,157,7.866666666666667,6.983333333333333,1.3,23.316666666666666,7.627118644067796,8.591885441527447,1,0
542,2020-06-21 09:05:00,3.07,261.0,171.0,158,7.2,6.733333333333333,1.42,22.116666666666667,8.333333333333334,8.910891089108912,1,0
541,2020-06-22 08:06:00,2.97,282.0,164.0,158,8.233333333333333,7.183333333333334,1.24,24.983333333333334,7.287449392712551,8.352668213457076,1,0
540,2020-06-23 07:42:00,3.27,304.0,170.0,157,7.75,7.0,1.32,25.366666666666667,7.741935483870968,8.571428571428571,1,0
539,2020-06-24 18:06:00,3.5,322.0,173.0,158,7.566666666666666,6.833333333333333,1.34,26.5,7.929515418502203,8.78048780487805,1,0
538,2020-06-25 07:43:00,3.01,288.0,166.0,157,8.166666666666666,7.35,1.26,24.866666666666667,7.346938775510204,8.16326530612245,1,0
537,2020-06-26 07:44:00,4.29,387.0,167.0,158,7.65,7.0,1.33,32.88333333333333,7.8431372549019605,8.571428571428571,1,0
536,2020-06-27 14:54:00,4.03,367.0,168.0,156,7.683333333333334,6.65,1.34,30.95,7.809110629067245,9.022556390977444,1,0
535,2020-06-29 07:47:00,3.0,265.0,155.0,156,8.183333333333334,7.383333333333334,1.26,25.25,7.3319755600814664,8.126410835214447,1,0
534,2020-06-30 19:19:00,5.0,463.0,169.0,157,7.733333333333333,7.066666666666666,1.32,39.18333333333333,7.758620689655173,8.49056603773585,1,0
533,2020-07-01 08:11:00,3.44,325.0,159.0,159,8.366666666666667,6.966666666666667,1.21,28.75,7.171314741035856,8.61244019138756,1,0
532,2020-07-02 07:46:00,4.27,382.0,165.0,159,7.533333333333333,6.966666666666667,1.34,32.166666666666664,7.964601769911504,8.61244019138756,1,0
531,2020-07-03 17:50:00,3.52,317.0,169.0,158,7.316666666666666,6.4,1.39,26.583333333333332,8.200455580865604,9.375,1,0
530,2020-07-04 10:55:00,4.0,384.0,162.0,159,8.416666666666666,7.616666666666667,1.21,40.06666666666667,7.128712871287129,7.877461706783369,1,0
529,2020-07-05 11:50:00,4.63,423.0,166.0,158,7.666666666666667,6.85,1.33,36.56666666666667,7.826086956521739,8.75912408759124,1,0
528,2020-07-06 18:26:00,5.02,457.0,163.0,159,7.766666666666667,7.066666666666666,1.31,39.016666666666666,7.725321888412017,8.49056603773585,1,0
527,2020-07-07 06:38:00,0.99,84.0,142.0,156,8.45,7.75,1.22,503.4,7.100591715976332,7.741935483870968,1,0
526,2020-07-07 06:57:00,1.56,130.0,165.0,160,7.016666666666667,5.966666666666667,1.43,11.033333333333333,8.551068883610451,10.05586592178771,1,0
525,2020-07-07 07:14:00,0.7,58.0,160.0,158,7.116666666666666,5.7,1.43,306.7,8.430913348946136,10.526315789473683,1,0
524,2020-07-07 07:22:00,2.01,183.0,157.0,154,8.066666666666666,7.183333333333334,1.29,23.016666666666666,7.43801652892562,8.352668213457076,1,0
523,2020-07-08 07:00:00,4.01,387.0,161.0,159,8.166666666666666,7.0,1.24,32.68333333333333,7.346938775510204,8.571428571428571,1,0
522,2020-07-09 20:06:00,4.01,370.0,167.0,159,7.416666666666667,6.866666666666667,1.37,34.88333333333333,8.089887640449438,8.737864077669903,1,0
521,2020-07-10 19:27:00,5.02,450.0,163.0,159,7.383333333333334,6.983333333333333,1.37,40.733333333333334,8.126410835214447,8.591885441527447,1,0
520,2020-07-11 16:18:00,5.17,445.0,168.0,159,6.933333333333334,5.65,1.46,56.28333333333333,8.653846153846153,10.619469026548671,1,0
518,2020-07-12 10:36:00,6.01,574.0,168.0,158,7.516666666666667,6.6,1.35,50.43333333333333,7.982261640798226,9.090909090909092,1,0
517,2020-07-13 07:07:00,5.24,510.0,157.0,157,8.166666666666666,7.183333333333334,1.26,43.18333333333333,7.346938775510204,8.352668213457076,1,0
516,2020-07-14 07:38:00,5.67,531.0,156.0,158,7.866666666666667,7.166666666666667,1.29,44.733333333333334,7.627118644067796,8.372093023255813,1,0
515,2020-07-15 07:25:00,4.03,386.0,157.0,159,7.916666666666667,7.083333333333333,1.28,31.95,7.578947368421052,8.470588235294118,1,0
514,2020-07-16 07:21:00,3.04,281.0,156.0,158,7.666666666666667,7.266666666666667,1.33,23.266666666666666,7.826086956521739,8.256880733944953,1,0
511,2020-07-17 07:33:00,5.0,476.0,164.0,161,7.5,6.8,1.34,37.53333333333333,8.0,8.823529411764707,1,0
510,2020-07-18 09:41:00,7.55,729.0,168.0,159,7.533333333333333,6.6,1.34,59.95,7.964601769911504,9.090909090909092,1,0
509,2020-07-19 09:39:00,3.0,300.0,160.0,159,8.166666666666666,7.15,1.24,24.533333333333335,7.346938775510204,8.391608391608392,1,0
508,2020-07-20 07:41:00,6.43,672.0,167.0,158,8.266666666666667,7.2,1.23,53.55,7.258064516129031,8.333333333333334,1,0
506,2020-07-21 07:29:00,6.01,517.0,157.0,159,7.533333333333333,5.85,1.34,65.58333333333333,7.964601769911504,10.256410256410257,1,0
505,2020-07-22 07:04:00,5.13,466.0,152.0,159,8.083333333333334,7.233333333333333,1.25,41.483333333333334,7.422680412371133,8.294930875576037,1,0
504,2020-07-23 06:58:00,3.01,252.0,147.0,158,7.65,7.116666666666666,1.33,29.566666666666666,7.8431372549019605,8.430913348946136,1,0
503,2020-07-24 07:46:00,2.02,176.0,149.0,160,7.633333333333333,7.283333333333333,1.32,15.433333333333334,7.860262008733625,8.237986270022883,1,0
501,2020-07-24 21:38:00,1.71,172.0,157.0,158,8.1,4.166666666666667,1.26,22.433333333333334,7.407407407407407,14.399999999999999,1,0
500,2020-07-25 09:22:00,6.01,623.0,166.0,160,8.066666666666666,6.933333333333334,1.25,48.7,7.43801652892562,8.653846153846153,1,0
499,2020-07-26 08:56:00,4.0,382.0,148.0,157,8.866666666666667,6.933333333333334,1.16,38.45,6.7669172932330826,8.653846153846153,1,0
498,2020-07-27 07:41:00,5.01,478.0,165.0,159,7.6,6.95,1.33,39.583333333333336,7.894736842105264,8.633093525179856,1,0
497,2020-07-28 07:34:00,7.45,692.0,165.0,161,7.566666666666666,6.716666666666667,1.32,62.28333333333333,7.929515418502203,8.933002481389577,1,0
496,2020-07-29 07:52:00,5.03,479.0,171.0,160,7.35,6.566666666666666,1.37,36.93333333333333,8.16326530612245,9.137055837563452,1,0
495,2020-07-31 16:55:00,4.01,348.0,158.0,159,7.45,6.816666666666666,1.36,33.11666666666667,8.053691275167784,8.80195599022005,1,0
494,2020-08-01 10:39:00,5.0,477.0,164.0,161,7.75,7.233333333333333,1.29,38.75,7.741935483870968,8.294930875576037,1,0
493,2020-08-02 10:04:00,4.05,395.0,167.0,160,7.783333333333333,6.833333333333333,1.3,31.516666666666666,7.7087794432548185,8.78048780487805,1,0
492,2020-08-03 07:28:00,5.02,474.0,163.0,161,7.766666666666667,7.083333333333333,1.29,38.95,7.725321888412017,8.470588235294118,1,0
491,2020-08-04 18:03:00,2.01,174.0,160.0,158,7.25,6.866666666666667,1.4,14.55,8.275862068965518,8.737864077669903,1,0
490,2020-08-04 18:25:00,4.42,408.0,173.0,160,7.016666666666667,6.166666666666667,1.43,31.816666666666666,8.551068883610451,9.72972972972973,1,0
489,2020-08-04 19:00:00,1.0,97.0,161.0,156,7.9,7.416666666666667,1.3,487.1,7.594936708860759,8.089887640449438,1,0
488,2020-08-06 08:07:00,4.19,407.0,164.0,161,7.933333333333334,6.966666666666667,1.26,34.55,7.563025210084033,8.61244019138756,1,0
487,2020-08-06 08:45:00,0.24,18.0,126.0,136,8.966666666666667,4.233333333333333,1.32,551.2,6.691449814126394,14.173228346456693,1,0
486,2020-08-07 18:11:00,2.03,189.0,156.0,158,7.883333333333333,6.866666666666667,1.29,15.966666666666667,7.6109936575052854,8.737864077669903,1,0
485,2020-08-07 18:42:00,4.0,360.0,172.0,164,6.883333333333333,6.333333333333333,1.42,28.35,8.716707021791768,9.473684210526317,1,0
483,2020-08-08 12:11:00,4.01,387.0,163.0,160,7.833333333333333,6.733333333333333,1.28,31.416666666666668,7.659574468085107,8.910891089108912,1,0
482,2020-08-09 08:29:00,7.01,692.0,164.0,160,8.1,7.233333333333333,1.24,58.8,7.407407407407407,8.294930875576037,1,0
481,2020-08-11 08:30:00,6.01,457.0,156.0,161,6.616666666666667,2.65,1.51,97.6,9.06801007556675,22.641509433962266,1,0
480,2020-08-12 09:27:00,7.01,669.0,159.0,160,7.983333333333333,6.366666666666666,1.26,58.03333333333333,7.515657620041754,9.424083769633508,1,0
479,2020-08-13 10:21:00,4.01,379.0,166.0,160,7.35,6.6,1.37,29.466666666666665,8.16326530612245,9.090909090909092,1,0
478,2020-08-14 09:55:00,5.01,460.0,162.0,160,7.416666666666667,6.283333333333333,1.36,53.56666666666667,8.089887640449438,9.549071618037136,1,0
477,2020-08-14 10:54:00,1.0,109.0,166.0,155,8.566666666666666,7.666666666666667,1.22,538.4,7.003891050583658,7.826086956521739,1,0
476,2020-08-15 07:41:00,4.06,382.0,156.0,159,8.083333333333334,7.016666666666667,1.25,37.5,7.422680412371133,8.551068883610451,1,0
475,2020-08-16 07:59:00,7.14,690.0,166.0,159,7.75,7.0,1.3,65.4,7.741935483870968,8.571428571428571,1,0
474,2020-08-17 07:39:00,4.99,487.0,166.0,159,7.75,7.0,1.31,39.3,7.741935483870968,8.571428571428571,1,0
472,2020-08-18 07:00:00,6.82,579.0,156.0,160,7.566666666666666,6.15,1.33,68.08333333333333,7.929515418502203,9.75609756097561,1,0
471,2020-08-19 08:49:00,5.0,475.0,165.0,157,7.566666666666666,6.733333333333333,1.35,38.0,7.929515418502203,8.910891089108912,1,0
470,2020-08-20 07:37:00,4.01,358.0,157.0,159,7.566666666666666,6.9,1.34,30.6,7.929515418502203,8.695652173913043,1,0
469,2020-08-21 07:55:00,2.06,203.0,158.0,156,8.133333333333333,7.583333333333333,1.27,17.416666666666668,7.3770491803278695,7.912087912087912,1,0
468,2020-08-31 12:59:00,1.69,178.0,163.0,152,8.516666666666667,7.483333333333333,1.24,19.566666666666666,7.045009784735812,8.017817371937639,1,0
467,2020-09-02 09:01:00,2.21,235.0,163.0,154,8.65,7.666666666666667,1.21,19.166666666666668,6.936416184971098,7.826086956521739,1,0
466,2020-09-03 07:40:00,2.03,189.0,147.0,152,8.733333333333333,6.3,1.21,40.56666666666667,6.870229007633588,9.523809523809524,1,0
465,2020-09-05 12:55:00,4.22,444.0,165.0,156,8.566666666666666,5.45,1.21,45.016666666666666,7.003891050583658,11.009174311926605,1,0
464,2020-09-07 19:15:00,3.47,372.0,166.0,155,8.583333333333334,6.083333333333333,1.21,29.766666666666666,6.990291262135922,9.863013698630137,1,0
463,2020-09-08 11:16:00,2.54,238.0,156.0,156,8.083333333333334,7.0,1.28,21.716666666666665,7.422680412371133,8.571428571428571,1,0
462,2020-09-09 09:37:00,3.7,358.0,168.0,156,7.766666666666667,5.983333333333333,1.33,30.566666666666666,7.725321888412017,10.027855153203342,1,0
461,2020-09-10 08:11:00,5.85,533.0,164.0,158,7.583333333333333,6.883333333333333,1.35,45.5,7.912087912087912,8.716707021791768,1,0
460,2020-09-11 09:27:00,0.28,20.0,135.0,157,7.933333333333334,7.566666666666666,1.29,131.4,7.563025210084033,7.929515418502203,1,0
459,2020-09-12 09:48:00,7.11,674.0,164.0,158,8.1,7.116666666666666,1.26,72.91666666666667,7.407407407407407,8.430913348946136,1,0
458,2020-09-14 09:43:00,3.97,362.0,162.0,156,7.733333333333333,7.116666666666666,1.34,33.5,7.758620689655173,8.430913348946136,1,0
457,2020-09-15 09:24:00,6.34,589.0,166.0,157,7.716666666666667,7.083333333333333,1.33,52.96666666666667,7.775377969762419,8.470588235294118,1,0
456,2020-09-16 10:09:00,5.03,463.0,166.0,159,7.583333333333333,6.716666666666667,1.34,39.15,7.912087912087912,8.933002481389577,1,0
455,2020-09-17 08:34:00,5.07,438.0,163.0,161,7.316666666666666,6.433333333333334,1.37,38.21666666666667,8.200455580865604,9.32642487046632,1,0
454,2020-09-18 08:28:00,4.21,383.0,162.0,157,7.733333333333333,7.0,1.32,36.483333333333334,7.758620689655173,8.571428571428571,1,0
453,2020-09-19 08:28:00,8.06,704.0,159.0,159,8.183333333333334,6.733333333333333,1.24,65.98333333333333,7.3319755600814664,8.910891089108912,1,0
452,2020-09-20 16:26:00,3.47,305.0,154.0,156,8.0,6.4,1.29,31.266666666666666,7.5,9.375,1,0
451,2020-09-22 07:36:00,2.06,171.0,155.0,159,7.35,6.65,1.38,18.45,8.16326530612245,9.022556390977444,1,0
450,2020-09-22 08:02:00,3.34,308.0,148.0,163,6.65,5.883333333333333,1.49,22.383333333333333,9.022556390977444,10.19830028328612,1,0
449,2020-09-22 08:28:00,1.56,150.0,152.0,157,8.633333333333333,6.883333333333333,1.19,16.166666666666668,6.94980694980695,8.716707021791768,1,0
448,2020-09-23 11:04:00,6.56,525.0,151.0,156,7.733333333333333,6.35,1.33,57.56666666666667,7.758620689655173,9.448818897637796,1,0
447,2020-09-24 08:58:00,6.01,499.0,153.0,158,7.7,6.416666666666667,1.32,46.38333333333333,7.792207792207792,9.35064935064935,1,0
446,2020-09-25 07:40:00,2.37,220.0,153.0,155,7.766666666666667,6.15,1.34,18.633333333333333,7.725321888412017,9.75609756097561,1,0
445,2020-09-25 08:01:00,2.96,260.0,156.0,163,7.566666666666666,4.55,1.31,22.366666666666667,7.929515418502203,13.186813186813188,1,0
444,2020-09-25 08:28:00,1.81,161.0,138.0,158,7.816666666666666,7.2,1.31,14.15,7.67590618336887,8.333333333333334,1,0
443,2020-09-26 07:38:00,3.23,292.0,151.0,159,7.45,6.433333333333334,1.36,24.05,8.053691275167784,9.32642487046632,1,0
442,2020-09-27 16:46:00,4.31,379.0,149.0,154,7.883333333333333,6.466666666666667,1.33,46.68333333333333,7.6109936575052854,9.278350515463917,1,0
441,2020-09-28 13:13:00,5.02,462.0,158.0,158,7.533333333333333,6.55,1.35,37.81666666666667,7.964601769911504,9.160305343511451,1,0
440,2020-09-29 08:14:00,2.01,181.0,154.0,157,7.366666666666666,5.983333333333333,1.39,15.533333333333333,8.144796380090499,10.027855153203342,1,0
439,2020-09-29 08:33:00,3.69,321.0,158.0,162,6.566666666666666,5.733333333333333,1.51,24.183333333333334,9.137055837563452,10.465116279069766,1,0
438,2020-09-29 08:59:00,2.14,211.0,159.0,161,8.033333333333333,7.35,1.25,17.2,7.468879668049793,8.16326530612245,1,0
437,2020-09-30 08:08:00,7.09,657.0,156.0,160,7.616666666666667,6.85,1.33,54.43333333333333,7.877461706783369,8.75912408759124,1,0
436,2020-10-01 08:07:00,6.01,589.0,156.0,158,8.466666666666667,3.466666666666667,1.2,56.25,7.086614173228346,17.307692307692307,1,0
435,2020-10-04 13:25:00,2.44,217.0,154.0,160,7.516666666666667,6.7,1.34,20.55,7.982261640798226,8.955223880597014,1,0
434,2020-10-05 08:15:00,6.0,551.0,162.0,161,7.4,5.6,1.35,45.6,8.108108108108107,10.714285714285715,1,0
433,2020-10-06 07:36:00,2.02,194.0,151.0,158,7.983333333333333,6.75,1.27,18.183333333333334,7.515657620041754,8.88888888888889,1,0
432,2020-10-06 08:11:00,1.82,145.0,164.0,166,6.183333333333334,5.216666666666667,1.57,11.283333333333333,9.703504043126685,11.501597444089457,1,0
431,2020-10-06 08:28:00,3.99,315.0,154.0,165,5.916666666666667,5.183333333333334,1.65,32.083333333333336,10.140845070422534,11.57556270096463,1,0
429,2020-10-07 08:11:00,7.0,689.0,154.0,158,8.083333333333334,6.233333333333333,1.26,59.46666666666667,7.422680412371133,9.62566844919786,1,0
428,2020-10-08 07:54:00,5.25,494.0,157.0,159,7.8,6.383333333333334,1.3,41.416666666666664,7.6923076923076925,9.39947780678851,1,0
426,2020-10-09 07:26:00,2.02,199.0,151.0,156,8.4,7.083333333333333,1.23,17.2,7.142857142857142,8.470588235294118,1,0
425,2020-10-09 07:57:00,5.88,512.0,169.0,164,6.616666666666667,5.266666666666667,1.48,38.9,9.06801007556675,11.39240506329114,1,0
424,2020-10-09 08:40:00,2.03,187.0,148.0,158,7.916666666666667,7.133333333333334,1.29,20.1,7.578947368421052,8.411214953271028,1,0
422,2020-10-12 07:42:00,6.02,532.0,153.0,153,8.083333333333334,3.6666666666666665,1.31,62.68333333333333,7.422680412371133,16.363636363636363,1,0
421,2020-10-13 07:16:00,2.66,230.0,143.0,157,8.216666666666667,5.966666666666667,1.25,38.483333333333334,7.302231237322515,10.05586592178771,1,0
420,2020-10-13 08:08:00,4.34,380.0,166.0,145,6.933333333333334,5.233333333333333,1.58,35.13333333333333,8.653846153846153,11.464968152866241,1,0
419,2020-10-13 08:49:00,1.98,185.0,147.0,154,8.45,6.783333333333333,1.24,25.4,7.100591715976332,8.845208845208845,1,0
418,2020-10-14 08:38:00,7.61,667.0,147.0,159,8.6,6.7,1.18,66.36666666666666,6.976744186046512,8.955223880597014,1,0
417,2020-10-15 07:46:00,5.18,446.0,151.0,159,7.716666666666667,4.116666666666666,1.31,45.96666666666667,7.775377969762419,14.574898785425102,1,0
416,2020-10-15 16:23:00,2.01,174.0,152.0,162,7.333333333333333,6.833333333333333,1.35,14.716666666666667,8.181818181818182,8.78048780487805,1,0
415,2020-10-16 07:15:00,3.04,300.0,155.0,155,8.3,2.4333333333333336,1.24,41.56666666666667,7.228915662650602,24.65753424657534,1,0
414,2020-10-16 08:00:00,3.93,286.0,152.0,167,6.55,4.866666666666667,1.47,39.766666666666666,9.160305343511451,12.32876712328767,1,0
413,2020-10-16 08:46:00,2.06,218.0,157.0,158,8.416666666666666,7.566666666666666,1.21,17.983333333333334,7.128712871287129,7.929515418502203,1,0
412,2020-10-17 13:30:00,2.89,288.0,147.0,155,9.083333333333334,7.366666666666666,1.14,31.183333333333334,6.605504587155963,8.144796380090499,1,0
411,2020-10-18 08:47:00,10.93,923.0,155.0,165,7.466666666666667,6.75,1.31,81.75,8.035714285714285,8.88888888888889,1,0
410,2020-10-19 07:35:00,4.86,444.0,154.0,162,7.583333333333333,3.6,1.31,38.35,7.912087912087912,16.666666666666668,1,0
409,2020-10-20 07:18:00,2.47,229.0,147.0,159,8.083333333333334,6.933333333333334,1.25,34.28333333333333,7.422680412371133,8.653846153846153,1,0
405,2020-10-20 09:05:00,2.13,224.0,161.0,164,8.05,7.35,1.22,17.15,7.453416149068322,8.16326530612245,1,0
404,2020-10-21 08:38:00,7.28,706.0,162.0,162,7.5,6.833333333333333,1.32,54.68333333333333,8.0,8.78048780487805,1,0
403,2020-10-22 07:41:00,6.65,517.0,148.0,162,7.316666666666666,4.0,1.35,65.4,8.200455580865604,15.0,1,0
402,2020-10-23 07:14:00,2.01,188.0,141.0,153,8.75,7.75,1.2,32.55,6.857142857142857,7.741935483870968,1,0
401,2020-10-23 08:08:00,6.95,621.0,169.0,165,6.883333333333333,4.783333333333333,1.4,47.916666666666664,8.716707021791768,12.543554006968641,1,0
399,2020-10-24 13:39:00,2.23,199.0,149.0,159,7.533333333333333,5.85,1.35,16.783333333333335,7.964601769911504,10.256410256410257,1,0
397,2020-10-26 07:44:00,5.8,539.0,156.0,156,7.75,3.783333333333333,1.34,69.91666666666667,7.741935483870968,15.859030837004406,1,0
395,2020-10-27 08:05:00,2.0,159.0,167.0,170,5.866666666666667,4.9,1.61,11.733333333333333,10.227272727272727,12.244897959183673,1,0
392,2020-10-28 08:37:00,6.79,607.0,150.0,162,7.766666666666667,6.95,1.27,52.95,7.725321888412017,8.633093525179856,1,0
391,2020-10-29 10:24:00,4.25,432.0,163.0,162,7.733333333333333,6.8,1.29,34.666666666666664,7.758620689655173,8.823529411764707,1,0
390,2020-10-30 08:19:00,2.0,179.0,149.0,162,7.5,6.4,1.33,15.0,8.0,9.375,1,0
389,2020-10-30 14:34:00,2.01,195.0,155.0,159,7.683333333333334,6.616666666666667,1.32,20.6,7.809110629067245,9.06801007556675,1,0
388,2020-10-30 16:16:00,2.83,305.0,149.0,151,9.266666666666667,7.266666666666667,1.15,36.46666666666667,6.474820143884892,8.256880733944953,1,0
387,2020-10-31 15:16:00,2.32,242.0,166.0,158,7.65,5.183333333333334,1.33,17.733333333333334,7.8431372549019605,11.57556270096463,1,0
386,2020-11-01 08:40:00,9.21,765.0,151.0,162,7.5,2.7333333333333334,1.32,76.81666666666666,8.0,21.95121951219512,1,0
385,2020-11-02 07:21:00,2.02,197.0,151.0,155,8.033333333333333,7.116666666666666,1.3,19.733333333333334,7.468879668049793,8.430913348946136,1,0
384,2020-11-02 07:55:00,3.95,263.0,147.0,169,5.966666666666667,5.45,1.6,29.683333333333334,10.05586592178771,11.009174311926605,1,0
383,2020-11-02 08:31:00,3.13,287.0,145.0,160,8.283333333333333,7.233333333333333,1.22,30.95,7.2434607645875255,8.294930875576037,1,0
382,2020-11-03 11:46:00,5.88,559.0,161.0,161,7.35,6.566666666666666,1.36,43.333333333333336,8.16326530612245,9.137055837563452,1,0
381,2020-11-04 07:33:00,3.18,301.0,154.0,163,7.666666666666667,6.883333333333333,1.3,42.9,7.826086956521739,8.716707021791768,1,0
380,2020-11-04 08:26:00,2.79,253.0,149.0,121,8.133333333333333,4.4,1.52,24.933333333333334,7.3770491803278695,13.636363636363635,1,0
379,2020-11-04 08:56:00,2.01,203.0,156.0,161,7.983333333333333,7.35,1.25,16.033333333333335,7.515657620041754,8.16326530612245,1,0
378,2020-11-05 08:09:00,6.22,568.0,156.0,162,7.466666666666667,6.116666666666666,1.33,49.78333333333333,8.035714285714285,9.809264305177113,1,0
377,2020-11-06 07:49:00,4.39,458.0,166.0,159,7.933333333333334,3.7666666666666666,1.27,49.65,7.563025210084033,15.929203539823009,1,0
376,2020-11-07 07:20:00,1.01,85.0,142.0,162,7.483333333333333,7.266666666666667,1.32,452.1,8.017817371937639,8.256880733944953,1,0
375,2020-11-07 13:05:00,1.98,186.0,146.0,157,8.183333333333334,5.916666666666667,1.25,25.6,7.3319755600814664,10.140845070422534,1,0
373,2020-11-08 09:06:00,5.47,533.0,158.0,161,7.683333333333334,6.833333333333333,1.3,45.5,7.809110629067245,8.78048780487805,1,0
372,2020-11-10 07:15:00,8.0,678.0,162.0,163,6.7,4.916666666666667,1.47,88.35,8.955223880597014,12.203389830508474,1,0
371,2020-11-10 08:50:00,0.77,71.0,145.0,159,7.916666666666667,7.466666666666667,1.28,365.6,7.578947368421052,8.035714285714285,1,0
370,2020-11-11 08:54:00,4.66,449.0,160.0,160,7.5,6.816666666666666,1.35,37.28333333333333,8.0,8.80195599022005,1,0
369,2020-11-12 07:31:00,2.96,297.0,165.0,160,7.566666666666666,7.033333333333333,1.33,35.2,7.929515418502203,8.530805687203792,1,0
367,2020-11-12 08:45:00,1.97,207.0,168.0,161,7.683333333333334,7.083333333333333,1.3,15.133333333333333,7.809110629067245,8.470588235294118,1,0
366,2020-11-13 13:11:00,5.01,441.0,152.0,158,7.5,5.733333333333333,1.36,52.05,8.0,10.465116279069766,1,0
365,2020-11-14 09:40:00,1.9,195.0,155.0,156,8.183333333333334,7.166666666666667,1.26,25.85,7.3319755600814664,8.372093023255813,1,0
364,2020-11-14 10:11:00,4.03,327.0,171.0,168,5.916666666666667,5.233333333333333,1.62,31.466666666666665,10.140845070422534,11.464968152866241,1,0
362,2020-11-15 11:37:00,8.06,617.0,147.0,161,7.45,6.433333333333334,1.34,63.05,8.053691275167784,9.32642487046632,1,0
361,2020-11-16 07:41:00,5.36,488.0,158.0,161,7.3,3.75,1.38,53.31666666666667,8.219178082191782,16.0,1,0
360,2020-11-17 07:17:00,2.02,174.0,142.0,160,7.933333333333334,1.05,1.27,29.25,7.563025210084033,57.14285714285714,1,0
356,2020-11-19 07:40:00,3.98,366.0,149.0,160,7.783333333333333,6.4,1.3,32.05,7.7087794432548185,9.375,1,0
355,2020-11-19 08:23:00,1.3,123.0,148.0,130,8.35,3.716666666666667,1.43,12.2,7.185628742514971,16.143497757847534,1,0
352,2020-11-21 12:59:00,1.94,190.0,149.0,159,8.1,7.45,1.25,20.15,7.407407407407407,8.053691275167784,1,0
350,2020-11-30 10:12:00,3.0,320.0,167.0,163,7.8,5.466666666666667,1.26,23.433333333333334,7.6923076923076925,10.97560975609756,1,0
349,2020-12-02 15:55:00,5.07,503.0,166.0,161,7.333333333333333,6.75,1.36,38.61666666666667,8.181818181818182,8.88888888888889,1,0
347,2020-12-04 14:56:00,4.63,446.0,164.0,163,7.266666666666667,5.983333333333333,1.36,33.6,8.256880733944953,10.027855153203342,1,0
346,2020-12-05 12:01:00,3.2,301.0,165.0,163,7.066666666666666,6.533333333333333,1.4,22.65,8.49056603773585,9.183673469387756,1,0
345,2020-12-06 09:56:00,4.48,456.0,160.0,160,8.066666666666666,5.116666666666666,1.24,42.86666666666667,7.43801652892562,11.726384364820849,1,0
344,2020-12-07 15:45:00,5.39,494.0,173.0,164,6.7,6.0,1.46,38.43333333333333,8.955223880597014,10.0,1,0
343,2020-12-08 09:52:00,6.77,593.0,166.0,164,6.8,5.633333333333333,1.44,55.5,8.823529411764707,10.650887573964498,1,0
342,2020-12-08 10:50:00,1.0,98.0,161.0,163,7.633333333333333,7.183333333333334,1.3,463.7,7.860262008733625,8.352668213457076,1,0
341,2020-12-09 08:34:00,7.0,672.0,163.0,163,7.65,6.216666666666667,1.29,55.38333333333333,7.8431372549019605,9.651474530831099,1,0
340,2020-12-10 09:31:00,5.01,481.0,170.0,162,7.25,6.516666666666667,1.37,37.916666666666664,8.275862068965518,9.207161125319693,1,0
339,2020-12-11 09:04:00,2.01,192.0,160.0,159,7.666666666666667,6.833333333333333,1.32,23.016666666666666,7.826086956521739,8.78048780487805,1,0
338,2020-12-11 09:32:00,4.01,332.0,169.0,165,6.4,5.966666666666667,1.53,31.083333333333332,9.375,10.05586592178771,1,0
337,2020-12-11 10:04:00,1.01,105.0,165.0,160,7.983333333333333,7.216666666666667,1.26,482.7,7.515657620041754,8.314087759815243,1,0
336,2020-12-12 10:18:00,3.08,254.0,146.0,162,7.6,6.666666666666667,1.31,25.45,7.894736842105264,9.0,1,0
335,2020-12-13 11:06:00,9.18,826.0,162.0,163,7.233333333333333,6.266666666666667,1.36,68.41666666666667,8.294930875576037,9.574468085106384,1,0
334,2020-12-14 09:53:00,5.52,556.0,164.0,161,7.833333333333333,6.55,1.28,46.4,7.659574468085107,9.160305343511451,1,0
333,2020-12-15 10:30:00,1.99,190.0,159.0,163,7.683333333333334,6.15,1.29,15.3,7.809110629067245,9.75609756097561,1,0
332,2020-12-15 10:50:00,4.93,421.0,168.0,166,6.483333333333333,5.45,1.49,32.016666666666666,9.254498714652955,11.009174311926605,1,0
331,2020-12-15 11:28:00,3.46,349.0,172.0,166,7.5,6.583333333333333,1.29,27.633333333333333,8.0,9.113924050632912,1,0
330,2020-12-16 11:23:00,7.01,615.0,157.0,164,7.266666666666667,6.833333333333333,1.35,52.583333333333336,8.256880733944953,8.78048780487805,1,0
327,2020-12-19 09:19:00,7.0,742.0,163.0,161,9.05,7.35,1.1,64.06666666666666,6.6298342541436455,8.16326530612245,1,0
326,2020-12-20 09:20:00,4.77,442.0,163.0,160,8.116666666666667,6.733333333333333,1.24,41.766666666666666,7.392197125256673,8.910891089108912,1,0
321,2020-12-26 11:46:00,5.44,513.0,165.0,167,7.85,5.8,1.23,42.7,7.643312101910828,10.344827586206897,1,0
319,2020-12-28 13:18:00,5.32,466.0,162.0,161,7.183333333333334,4.216666666666667,1.4,44.916666666666664,8.352668213457076,14.229249011857707,1,0
315,2020-12-31 12:33:00,3.8,358.0,155.0,167,7.883333333333333,6.8,1.23,31.916666666666668,7.6109936575052854,8.823529411764707,1,0
314,2021-01-01 15:26:00,2.77,253.0,158.0,165,7.3,6.633333333333333,1.33,20.216666666666665,8.219178082191782,9.045226130653267,1,0
313,2021-01-02 11:47:00,1.58,138.0,155.0,163,7.183333333333334,6.633333333333333,1.37,11.35,8.352668213457076,9.045226130653267,1,0
311,2021-01-06 15:51:00,6.96,689.0,160.0,165,7.333333333333333,6.3,1.33,55.18333333333333,8.181818181818182,9.523809523809524,1,0
310,2021-01-11 11:38:00,2.43,247.0,164.0,163,7.833333333333333,7.133333333333334,1.26,19.05,7.659574468085107,8.411214953271028,1,1
309,2021-01-12 11:39:00,3.01,293.0,161.0,161,7.7,6.916666666666667,1.3,23.5,7.792207792207792,8.674698795180722,1,1
308,2021-01-14 11:27:00,2.98,300.0,161.0,160,7.966666666666667,6.833333333333333,1.26,23.883333333333333,7.531380753138075,8.78048780487805,1,1
307,2021-01-15 11:43:00,3.12,303.0,159.0,159,7.716666666666667,7.3,1.31,25.483333333333334,7.775377969762419,8.219178082191782,1,1
306,2021-01-15 15:20:00,2.0,196.0,162.0,163,7.683333333333334,7.333333333333333,1.29,15.4,7.809110629067245,8.181818181818182,1,1
305,2021-01-16 10:53:00,2.69,261.0,160.0,163,7.65,6.8,1.29,20.583333333333332,7.8431372549019605,8.823529411764707,1,1
304,2021-01-16 18:50:00,2.0,195.0,157.0,161,7.85,6.366666666666666,1.27,15.733333333333333,7.643312101910828,9.424083769633508,1,1
303,2021-01-17 13:10:00,4.0,317.0,144.0,162,7.7,6.666666666666667,1.29,31.4,7.792207792207792,9.0,1,1
302,2021-01-18 11:32:00,4.01,356.0,142.0,164,7.866666666666667,6.816666666666666,1.24,31.533333333333335,7.627118644067796,8.80195599022005,1,1
301,2021-01-19 11:23:00,3.01,243.0,143.0,162,7.6,6.983333333333333,1.3,22.85,7.894736842105264,8.591885441527447,1,1
300,2021-01-20 11:34:00,3.0,280.0,154.0,162,7.733333333333333,6.966666666666667,1.28,23.25,7.758620689655173,8.61244019138756,1,1
299,2021-01-20 17:30:00,2.0,196.0,168.0,163,7.35,6.883333333333333,1.34,14.7,8.16326530612245,8.716707021791768,1,1
298,2021-01-22 14:15:00,2.01,187.0,156.0,162,7.65,6.95,1.3,18.183333333333334,7.8431372549019605,8.633093525179856,1,1
297,2021-01-23 13:43:00,2.63,246.0,164.0,161,7.2,6.583333333333333,1.39,18.95,8.333333333333334,9.113924050632912,1,1
296,2021-01-25 15:16:00,4.02,404.0,162.0,162,7.916666666666667,6.65,1.25,32.666666666666664,7.578947368421052,9.022556390977444,1,1
295,2021-01-26 15:11:00,2.07,206.0,147.0,160,9.1,6.666666666666667,1.11,26.366666666666667,6.593406593406594,9.0,1,1
292,2021-01-27 15:23:00,3.0,305.0,160.0,158,8.066666666666666,5.783333333333333,1.26,25.616666666666667,7.43801652892562,10.37463976945245,1,1
291,2021-01-28 11:05:00,2.0,190.0,156.0,162,7.733333333333333,7.05,1.29,15.5,7.758620689655173,8.51063829787234,1,1
290,2021-01-28 15:11:00,3.07,315.0,165.0,162,7.916666666666667,7.283333333333333,1.26,24.35,7.578947368421052,8.237986270022883,1,1
289,2021-01-29 15:02:00,2.48,236.0,154.0,159,7.9,7.283333333333333,1.28,28.566666666666666,7.594936708860759,8.237986270022883,1,1
285,2021-03-01 15:20:00,2.01,190.0,156.0,159,7.75,6.983333333333333,1.31,18.666666666666668,7.741935483870968,8.591885441527447,1,1
284,2021-03-02 15:16:00,2.01,195.0,156.0,158,7.833333333333333,7.166666666666667,1.3,15.716666666666667,7.659574468085107,8.372093023255813,1,1
283,2021-03-08 15:18:00,2.15,205.0,159.0,157,7.666666666666667,6.466666666666667,1.33,19.283333333333335,7.826086956521739,9.278350515463917,1,1
282,2021-03-12 12:29:00,2.23,214.0,163.0,161,7.333333333333333,6.75,1.37,16.366666666666667,8.181818181818182,8.88888888888889,1,1
281,2021-03-14 09:17:00,3.04,303.0,163.0,161,7.666666666666667,5.233333333333333,1.3,26.5,7.826086956521739,11.464968152866241,1,1
280,2021-03-17 15:04:00,3.01,287.0,168.0,161,7.233333333333333,6.583333333333333,1.38,21.733333333333334,8.294930875576037,9.113924050632912,1,1
278,2021-03-20 11:44:00,2.12,196.0,165.0,165,7.083333333333333,6.6,1.38,15.0,8.470588235294118,9.090909090909092,1,1
277,2021-03-21 15:16:00,4.01,387.0,165.0,161,7.35,6.583333333333333,1.36,29.516666666666666,8.16326530612245,9.113924050632912,1,1
276,2021-03-22 15:16:00,4.01,392.0,161.0,159,7.65,6.933333333333334,1.32,33.88333333333333,7.8431372549019605,8.653846153846153,1,1
275,2021-03-24 15:30:00,4.01,404.0,167.0,160,7.533333333333333,6.95,1.34,31.733333333333334,7.964601769911504,8.633093525179856,1,1
274,2021-03-26 10:32:00,4.76,465.0,159.0,156,8.016666666666667,7.066666666666666,1.27,44.75,7.484407484407484,8.49056603773585,1,1
273,2021-03-29 15:17:00,4.0,394.0,163.0,163,7.483333333333333,6.416666666666667,1.32,30.133333333333333,8.017817371937639,9.35064935064935,1,1
272,2021-03-30 15:04:00,3.54,339.0,163.0,157,7.366666666666666,5.866666666666667,1.39,51.166666666666664,8.144796380090499,10.227272727272727,1,1
270,2021-03-31 15:11:00,4.0,385.0,160.0,161,7.583333333333333,7.016666666666667,1.32,32.833333333333336,7.912087912087912,8.551068883610451,1,1
269,2021-04-01 15:10:00,3.42,319.0,159.0,160,7.566666666666666,4.016666666666667,1.35,41.083333333333336,7.929515418502203,14.937759336099585,1,1
267,2021-04-02 15:02:00,1.32,116.0,148.0,158,7.633333333333333,6.35,1.33,21.316666666666666,7.860262008733625,9.448818897637796,1,1
266,2021-04-02 15:24:00,4.03,383.0,170.0,163,6.966666666666667,5.7,1.42,28.05,8.61244019138756,10.526315789473683,1,1
265,2021-04-02 15:53:00,1.01,99.0,160.0,163,7.633333333333333,6.816666666666666,1.29,461.8,7.860262008733625,8.80195599022005,1,1
264,2021-04-03 09:33:00,3.01,306.0,164.0,161,7.716666666666667,7.166666666666667,1.29,24.333333333333332,7.775377969762419,8.372093023255813,1,1
263,2021-04-05 15:11:00,4.02,393.0,164.0,162,7.466666666666667,6.966666666666667,1.33,30.733333333333334,8.035714285714285,8.61244019138756,1,1
262,2021-04-06 15:02:00,2.06,201.0,158.0,159,7.933333333333334,7.583333333333333,1.27,52.11666666666667,7.563025210084033,7.912087912087912,1,1
259,2021-04-08 15:11:00,3.99,378.0,159.0,160,7.5,6.7,1.34,30.3,8.0,8.955223880597014,1,1
258,2021-04-08 15:49:00,0.96,102.0,160.0,146,8.666666666666666,3.716666666666667,1.21,499.9,6.923076923076923,16.143497757847534,1,1
257,2021-04-09 11:34:00,3.89,380.0,159.0,162,7.683333333333334,6.716666666666667,1.29,31.783333333333335,7.809110629067245,8.933002481389577,1,1
256,2021-04-10 09:05:00,2.07,198.0,152.0,159,8.033333333333333,6.95,1.26,30.466666666666665,7.468879668049793,8.633093525179856,1,1
255,2021-04-10 09:47:00,3.11,324.0,159.0,106,9.05,4.4,1.53,28.116666666666667,6.6298342541436455,13.636363636363635,1,1
253,2021-04-11 10:58:00,8.14,792.0,162.0,163,7.45,6.383333333333334,1.33,63.56666666666667,8.053691275167784,9.39947780678851,1,1
252,2021-04-12 15:14:00,4.0,400.0,161.0,162,7.6,6.633333333333333,1.3,30.416666666666668,7.894736842105264,9.045226130653267,1,1
251,2021-04-13 15:02:00,2.08,190.0,148.0,161,7.916666666666667,6.883333333333333,1.27,33.983333333333334,7.578947368421052,8.716707021791768,1,1
247,2021-04-14 11:08:00,4.0,396.0,156.0,162,7.816666666666666,7.0,1.27,31.3,7.67590618336887,8.571428571428571,1,1
246,2021-04-15 15:13:00,3.16,300.0,151.0,159,7.866666666666667,3.9,1.29,39.56666666666667,7.627118644067796,15.384615384615385,1,1
245,2021-04-16 12:10:00,2.17,200.0,147.0,162,8.066666666666666,7.05,1.23,21.133333333333333,7.43801652892562,8.51063829787234,1,1
244,2021-04-16 13:38:00,2.01,213.0,153.0,158,8.433333333333334,7.883333333333333,1.21,17.033333333333335,7.1146245059288535,7.6109936575052854,1,1
243,2021-04-17 08:05:00,8.64,839.0,159.0,166,7.733333333333333,6.9,1.25,67.35,7.758620689655173,8.695652173913043,1,1
242,2021-04-18 10:35:00,3.0,308.0,158.0,164,7.966666666666667,7.233333333333333,1.23,24.35,7.531380753138075,8.294930875576037,1,1
241,2021-04-19 15:13:00,4.0,410.0,164.0,163,7.666666666666667,6.9,1.29,31.0,7.826086956521739,8.695652173913043,1,1
240,2021-04-20 15:01:00,2.49,238.0,152.0,161,7.933333333333334,6.933333333333334,1.26,39.86666666666667,7.563025210084033,8.653846153846153,1,0
236,2021-04-22 15:16:00,4.97,458.0,163.0,165,6.95,5.683333333333334,1.4,34.55,8.633093525179856,10.557184750733137,1,0
235,2021-04-22 16:00:00,0.65,53.0,150.0,161,7.1,3.8833333333333333,1.39,276.3,8.450704225352114,15.450643776824034,1,0
234,2021-04-23 14:59:00,3.13,292.0,150.0,162,7.733333333333333,5.65,1.28,26.766666666666666,7.758620689655173,10.619469026548671,1,0
232,2021-04-24 12:41:00,2.3,238.0,154.0,149,8.616666666666667,6.833333333333333,1.24,31.883333333333333,6.963249516441006,8.78048780487805,1,0
231,2021-04-24 14:25:00,1.99,210.0,158.0,163,8.2,7.316666666666666,1.2,16.8,7.317073170731708,8.200455580865604,1,0
230,2021-04-25 11:28:00,4.8,444.0,152.0,163,7.7,6.95,1.28,38.75,7.792207792207792,8.633093525179856,1,0
229,2021-04-26 15:32:00,4.02,415.0,165.0,162,7.6,7.116666666666666,1.3,30.583333333333332,7.894736842105264,8.430913348946136,1,0
228,2021-04-27 15:02:00,2.03,209.0,162.0,160,7.85,7.233333333333333,1.28,24.95,7.643312101910828,8.294930875576037,1,0
226,2021-04-28 13:36:00,5.01,505.0,161.0,159,7.866666666666667,7.066666666666666,1.29,43.9,7.627118644067796,8.49056603773585,1,0
225,2021-04-29 15:15:00,5.16,489.0,149.0,137,8.883333333333333,4.1,1.43,53.733333333333334,6.75422138836773,14.634146341463415,1,0
224,2021-04-30 13:32:00,3.18,279.0,154.0,164,7.266666666666667,3.7666666666666666,1.35,34.266666666666666,8.256880733944953,15.929203539823009,1,0
223,2021-05-01 13:30:00,2.02,198.0,154.0,162,7.916666666666667,7.2,1.25,22.35,7.578947368421052,8.333333333333334,1,0
222,2021-05-01 15:04:00,2.02,211.0,153.0,159,8.466666666666667,7.483333333333333,1.2,18.566666666666666,7.086614173228346,8.017817371937639,1,0
221,2021-05-10 13:48:00,4.23,422.0,162.0,161,7.666666666666667,6.7,1.3,34.06666666666667,7.826086956521739,8.955223880597014,1,0
220,2021-05-11 11:14:00,3.38,329.0,157.0,162,7.783333333333333,6.883333333333333,1.28,27.516666666666666,7.7087794432548185,8.716707021791768,1,0
219,2021-05-12 08:02:00,5.88,611.0,162.0,161,8.033333333333333,6.35,1.24,55.88333333333333,7.468879668049793,9.448818897637796,1,0
218,2021-05-13 12:49:00,4.02,378.0,157.0,163,7.55,6.733333333333333,1.3,51.1,7.9470198675496695,8.910891089108912,1,0
217,2021-05-14 11:32:00,3.81,363.0,160.0,162,7.416666666666667,4.583333333333333,1.34,29.966666666666665,8.089887640449438,13.090909090909092,1,0
216,2021-05-15 10:40:00,6.05,635.0,163.0,162,7.9,6.466666666666667,1.25,48.38333333333333,7.594936708860759,9.278350515463917,1,0
215,2021-05-17 07:13:00,4.85,478.0,163.0,164,7.383333333333334,6.533333333333333,1.33,36.45,8.126410835214447,9.183673469387756,1,0
214,2021-05-18 07:53:00,4.97,516.0,162.0,165,7.933333333333334,6.516666666666667,1.23,39.416666666666664,7.563025210084033,9.207161125319693,1,0
213,2021-05-19 09:12:00,5.37,567.0,168.0,162,7.716666666666667,6.85,1.29,41.43333333333333,7.775377969762419,8.75912408759124,1,0
212,2021-05-21 10:51:00,7.43,686.0,159.0,163,7.7,6.75,1.29,73.2,7.792207792207792,8.88888888888889,1,0
211,2021-05-22 11:37:00,7.44,715.0,160.0,157,7.933333333333334,6.683333333333334,1.29,69.5,7.563025210084033,8.977556109725686,1,0
210,2021-05-23 10:17:00,2.73,243.0,139.0,160,8.666666666666666,6.85,1.16,30.133333333333333,6.923076923076923,8.75912408759124,1,0
209,2021-05-24 08:07:00,4.0,366.0,155.0,164,7.55,6.2,1.3,35.416666666666664,7.9470198675496695,9.67741935483871,1,0
208,2021-05-25 07:03:00,4.89,424.0,144.0,162,8.233333333333333,6.9,1.21,45.28333333333333,7.287449392712551,8.695652173913043,1,0
207,2021-05-27 18:09:00,6.47,634.0,163.0,163,7.75,6.666666666666667,1.28,55.81666666666667,7.741935483870968,9.0,1,0
206,2021-05-28 17:18:00,5.55,505.0,163.0,164,7.216666666666667,6.45,1.36,47.85,8.314087759815243,9.30232558139535,1,0
205,2021-05-29 09:40:00,8.33,745.0,159.0,165,7.483333333333333,6.7,1.3,72.61666666666666,8.017817371937639,8.955223880597014,1,0
204,2021-05-30 09:05:00,4.01,342.0,139.0,160,8.733333333333333,7.333333333333333,1.15,39.4,6.870229007633588,8.181818181818182,1,0
203,2021-06-01 19:11:00,5.0,503.0,163.0,162,7.983333333333333,6.866666666666667,1.24,47.13333333333333,7.515657620041754,8.737864077669903,1,0
202,2021-06-02 17:54:00,7.0,654.0,159.0,161,7.916666666666667,6.95,1.27,77.38333333333334,7.578947368421052,8.633093525179856,1,0
201,2021-06-03 07:59:00,6.0,554.0,157.0,164,7.5,7.083333333333333,1.3,48.9,8.0,8.470588235294118,1,0
200,2021-06-04 07:37:00,5.34,486.0,152.0,164,7.5,6.783333333333333,1.31,45.8,8.0,8.845208845208845,1,0
199,2021-06-05 11:40:00,8.01,734.0,161.0,164,7.3,6.583333333333333,1.35,72.16666666666667,8.219178082191782,9.113924050632912,1,0
198,2021-06-06 08:07:00,2.68,242.0,132.0,159,8.533333333333333,7.266666666666667,1.19,34.3,7.03125,8.256880733944953,1,0
197,2021-06-07 16:48:00,7.03,632.0,161.0,166,7.133333333333334,6.016666666666667,1.36,54.266666666666666,8.411214953271028,9.97229916897507,1,0
196,2021-06-08 18:06:00,5.54,508.0,160.0,163,7.216666666666667,6.216666666666667,1.37,44.63333333333333,8.314087759815243,9.651474530831099,1,0
195,2021-06-09 17:50:00,7.01,661.0,153.0,160,7.916666666666667,6.8,1.27,72.3,7.578947368421052,8.823529411764707,1,0
194,2021-06-11 07:58:00,5.01,467.0,153.0,162,7.566666666666666,6.933333333333334,1.31,43.36666666666667,7.929515418502203,8.653846153846153,1,0
193,2021-06-12 12:04:00,8.0,754.0,162.0,160,7.45,6.316666666666666,1.35,79.76666666666667,8.053691275167784,9.49868073878628,1,0
192,2021-06-13 15:19:00,2.08,193.0,138.0,156,9.316666666666666,6.0,1.11,52.766666666666666,6.440071556350627,10.0,1,0
191,2021-06-14 18:09:00,7.08,636.0,157.0,164,7.2,6.65,1.36,57.016666666666666,8.333333333333334,9.022556390977444,1,0
189,2021-06-16 18:45:00,7.5,696.0,154.0,164,7.533333333333333,6.566666666666666,1.31,67.83333333333333,7.964601769911504,9.137055837563452,1,0
188,2021-06-18 19:30:00,9.01,827.0,158.0,166,7.233333333333333,6.216666666666667,1.34,77.23333333333333,8.294930875576037,9.651474530831099,1,0
186,2021-06-20 11:02:00,3.61,337.0,144.0,159,8.133333333333333,6.466666666666667,1.24,47.86666666666667,7.3770491803278695,9.278350515463917,1,0
185,2021-06-21 18:46:00,6.14,592.0,166.0,162,7.35,6.2,1.35,49.11666666666667,8.16326530612245,9.67741935483871,1,0
184,2021-06-23 18:07:00,7.05,661.0,153.0,161,7.8,7.05,1.28,108.43333333333334,7.6923076923076925,8.51063829787234,1,0
183,2021-06-24 17:54:00,4.14,386.0,150.0,164,7.583333333333333,6.916666666666667,1.3,33.9,7.912087912087912,8.674698795180722,1,0
182,2021-06-25 17:33:00,5.98,602.0,165.0,162,7.733333333333333,7.133333333333334,1.28,46.25,7.758620689655173,8.411214953271028,1,0
180,2021-06-27 10:01:00,9.01,863.0,159.0,162,7.833333333333333,7.016666666666667,1.27,85.95,7.659574468085107,8.551068883610451,1,0
179,2021-06-28 07:25:00,4.01,353.0,139.0,158,8.466666666666667,7.133333333333334,1.2,38.483333333333334,7.086614173228346,8.411214953271028,1,0
178,2021-06-29 08:06:00,5.09,469.0,154.0,164,7.65,6.766666666666667,1.28,42.733333333333334,7.8431372549019605,8.866995073891626,1,0
177,2021-06-29 18:52:00,3.01,281.0,157.0,161,7.516666666666667,6.65,1.33,23.5,7.982261640798226,9.022556390977444,1,0
176,2021-06-30 07:48:00,8.0,740.0,152.0,165,7.8,7.033333333333333,1.25,71.55,7.6923076923076925,8.530805687203792,1,0
175,2021-07-02 20:19:00,9.04,830.0,160.0,168,7.166666666666667,6.683333333333334,1.34,69.6,8.372093023255813,8.977556109725686,1,0
170,2021-07-05 06:24:00,5.01,467.0,152.0,166,7.583333333333333,6.616666666666667,1.28,39.65,7.912087912087912,9.06801007556675,1,0
169,2021-07-06 18:51:00,7.04,666.0,163.0,161,7.483333333333333,6.4,1.34,59.35,8.017817371937639,9.375,1,0
168,2021-07-07 18:10:00,8.03,761.0,145.0,160,8.05,6.6,1.25,83.01666666666667,7.453416149068322,9.090909090909092,1,0
167,2021-07-08 19:08:00,7.01,670.0,161.0,163,7.566666666666666,6.6,1.3,57.916666666666664,7.929515418502203,9.090909090909092,1,0
166,2021-07-09 07:56:00,5.01,470.0,157.0,165,7.483333333333333,6.583333333333333,1.3,39.4,8.017817371937639,9.113924050632912,1,0
165,2021-07-10 15:32:00,10.01,905.0,159.0,164,7.233333333333333,6.4,1.36,87.6,8.294930875576037,9.375,1,0
164,2021-07-11 09:24:00,3.01,265.0,125.0,161,9.1,5.133333333333334,1.1,91.7,6.593406593406594,11.688311688311687,1,0
163,2021-07-12 18:42:00,5.07,464.0,160.0,164,7.183333333333334,5.366666666666666,1.36,46.233333333333334,8.352668213457076,11.180124223602485,1,0
162,2021-07-13 19:22:00,2.02,181.0,151.0,162,7.466666666666667,6.333333333333333,1.32,19.566666666666666,8.035714285714285,9.473684210526317,1,0
161,2021-07-13 19:42:00,5.01,477.0,165.0,164,7.35,6.166666666666667,1.34,38.28333333333333,8.16326530612245,9.72972972972973,1,0
160,2021-07-14 19:07:00,5.01,480.0,161.0,166,7.416666666666667,6.583333333333333,1.31,39.06666666666667,8.089887640449438,9.113924050632912,1,0
159,2021-07-15 07:55:00,7.01,668.0,158.0,166,7.5,6.783333333333333,1.29,55.916666666666664,8.0,8.845208845208845,1,0
158,2021-07-16 08:28:00,6.21,593.0,156.0,165,7.633333333333333,4.1,1.28,56.266666666666666,7.860262008733625,14.634146341463415,1,0
156,2021-07-18 10:47:00,4.03,382.0,138.0,161,8.6,7.5,1.17,49.31666666666667,6.976744186046512,8.0,1,0
155,2021-07-19 18:46:00,6.01,551.0,152.0,163,7.483333333333333,6.8,1.32,58.416666666666664,8.017817371937639,8.823529411764707,1,0
154,2021-07-20 19:23:00,9.03,837.0,162.0,167,7.216666666666667,6.016666666666667,1.33,68.43333333333334,8.314087759815243,9.97229916897507,1,0
153,2021-07-21 07:47:00,5.01,476.0,153.0,166,7.7,6.716666666666667,1.26,39.483333333333334,7.792207792207792,8.933002481389577,1,0
152,2021-07-21 19:17:00,3.01,288.0,152.0,164,7.533333333333333,6.983333333333333,1.3,22.666666666666668,7.964601769911504,8.591885441527447,1,0
151,2021-07-22 18:58:00,7.01,650.0,160.0,166,7.25,6.616666666666667,1.33,54.88333333333333,8.275862068965518,9.06801007556675,1,0
150,2021-07-23 07:52:00,6.03,588.0,159.0,165,7.733333333333333,7.183333333333334,1.26,49.78333333333333,7.758620689655173,8.352668213457076,1,0
147,2021-07-26 18:43:00,6.01,547.0,151.0,164,7.5,6.816666666666666,1.31,59.833333333333336,8.0,8.80195599022005,1,0
146,2021-07-27 19:08:00,10.01,932.0,165.0,165,7.166666666666667,6.15,1.36,84.46666666666667,8.372093023255813,9.75609756097561,1,0
145,2021-07-28 08:05:00,5.01,467.0,150.0,166,7.7,7.116666666666666,1.26,44.1,7.792207792207792,8.430913348946136,1,0
144,2021-07-28 19:53:00,3.01,274.0,141.0,161,8.033333333333333,6.866666666666667,1.24,25.833333333333332,7.468879668049793,8.737864077669903,1,0
143,2021-07-29 17:30:00,8.01,776.0,163.0,163,7.5,6.4,1.31,69.78333333333333,8.0,9.375,1,0
142,2021-07-30 18:38:00,6.17,553.0,147.0,161,7.666666666666667,6.866666666666667,1.3,66.35,7.826086956521739,8.737864077669903,1,0
140,2021-07-31 21:19:00,3.2,293.0,135.0,160,8.816666666666666,6.466666666666667,1.14,32.55,6.805293005671078,9.278350515463917,1,0
139,2021-08-01 11:41:00,4.04,393.0,147.0,160,8.616666666666667,6.466666666666667,1.17,39.4,6.963249516441006,9.278350515463917,1,0
137,2021-08-02 17:46:00,6.11,569.0,156.0,166,7.583333333333333,6.833333333333333,1.28,52.833333333333336,7.912087912087912,8.78048780487805,1,0
136,2021-08-03 19:16:00,10.02,864.0,161.0,170,6.833333333333333,6.0,1.39,82.91666666666667,8.78048780487805,10.0,1,0
135,2021-08-04 08:17:00,5.01,466.0,152.0,167,7.683333333333334,7.0,1.26,40.916666666666664,7.809110629067245,8.571428571428571,1,0
134,2021-08-04 18:08:00,4.01,371.0,145.0,162,8.05,6.983333333333333,1.23,37.7,7.453416149068322,8.591885441527447,1,0
133,2021-08-05 19:20:00,9.01,856.0,162.0,166,7.416666666666667,5.733333333333333,1.31,72.03333333333333,8.089887640449438,10.465116279069766,1,0
132,2021-08-06 18:48:00,9.26,818.0,155.0,165,7.183333333333334,5.75,1.35,78.16666666666667,8.352668213457076,10.434782608695652,1,0
131,2021-08-07 17:54:00,5.0,455.0,137.0,161,8.566666666666666,6.65,1.17,65.15,7.003891050583658,9.022556390977444,1,0
129,2021-08-09 18:35:00,6.01,546.0,146.0,165,7.733333333333333,6.733333333333333,1.26,48.63333333333333,7.758620689655173,8.910891089108912,1,0
128,2021-08-10 19:19:00,4.01,369.0,146.0,163,7.916666666666667,7.3,1.25,37.35,7.578947368421052,8.219178082191782,1,0
127,2021-08-11 18:41:00,7.01,638.0,148.0,163,7.583333333333333,6.15,1.3,81.05,7.912087912087912,9.75609756097561,1,0
126,2021-08-12 17:46:00,4.01,369.0,153.0,162,7.766666666666667,7.016666666666667,1.28,41.63333333333333,7.725321888412017,8.551068883610451,1,0
125,2021-08-14 13:13:00,3.01,282.0,159.0,165,7.233333333333333,6.633333333333333,1.35,21.75,8.294930875576037,9.045226130653267,1,0
123,2021-08-16 07:39:00,6.26,497.0,140.0,161,7.733333333333333,4.283333333333333,1.29,54.483333333333334,7.758620689655173,14.007782101167315,1,0
122,2021-08-17 09:54:00,2.0,198.0,155.0,163,7.95,7.35,1.24,15.9,7.547169811320755,8.16326530612245,1,0
121,2021-08-17 10:22:00,0.87,82.0,153.0,161,7.683333333333334,7.116666666666666,1.3,437.7,7.809110629067245,8.430913348946136,1,0
120,2021-08-17 10:48:00,4.88,509.0,169.0,133,8.083333333333334,4.866666666666667,1.37,42.666666666666664,7.422680412371133,12.32876712328767,1,0
118,2021-08-18 07:56:00,5.1,499.0,149.0,162,8.35,5.766666666666667,1.19,43.083333333333336,7.185628742514971,10.404624277456648,1,0
117,2021-08-18 18:01:00,3.13,309.0,151.0,161,8.1,6.666666666666667,1.24,25.366666666666667,7.407407407407407,9.0,1,0
116,2021-08-19 08:07:00,6.0,567.0,158.0,166,7.366666666666666,6.283333333333333,1.32,44.266666666666666,8.144796380090499,9.549071618037136,1,0
115,2021-08-19 08:53:00,2.1,177.0,158.0,164,6.866666666666667,4.583333333333333,1.43,23.116666666666667,8.737864077669903,13.090909090909092,1,0
114,2021-08-20 12:51:00,4.01,389.0,155.0,163,7.983333333333333,6.65,1.24,33.81666666666667,7.515657620041754,9.022556390977444,1,0
113,2021-08-21 08:48:00,2.3,211.0,149.0,158,7.866666666666667,4.883333333333333,1.3,33.96666666666667,7.627118644067796,12.286689419795223,1,0
112,2021-08-21 09:29:00,8.31,806.0,163.0,144,8.05,5.25,1.35,87.7,7.453416149068322,11.428571428571429,1,0
110,2021-08-23 15:15:00,5.56,527.0,160.0,161,7.6,3.966666666666667,1.33,60.416666666666664,7.894736842105264,15.126050420168067,1,0
109,2021-08-24 15:01:00,2.54,228.0,151.0,157,7.666666666666667,4.683333333333334,1.34,46.416666666666664,7.826086956521739,12.811387900355871,1,0
107,2021-08-25 08:54:00,5.01,467.0,143.0,161,8.483333333333333,7.266666666666667,1.18,44.6,7.072691552062869,8.256880733944953,1,0
106,2021-08-25 17:13:00,2.0,183.0,145.0,160,7.766666666666667,7.05,1.29,18.033333333333335,7.725321888412017,8.51063829787234,1,0
105,2021-08-26 06:24:00,4.56,428.0,150.0,163,7.866666666666667,3.9833333333333334,1.26,37.833333333333336,7.627118644067796,15.06276150627615,1,0
104,2021-08-26 16:31:00,3.03,268.0,146.0,164,7.433333333333334,6.55,1.32,24.7,8.071748878923767,9.160305343511451,1,0
103,2021-08-27 08:46:00,3.01,280.0,145.0,162,7.85,6.95,1.27,23.7,7.643312101910828,8.633093525179856,1,0
102,2021-08-28 07:57:00,2.18,198.0,144.0,159,7.85,4.633333333333333,1.29,28.966666666666665,7.643312101910828,12.949640287769785,1,0
101,2021-08-28 08:31:00,6.01,559.0,174.0,167,6.616666666666667,4.8,1.46,39.75,9.06801007556675,12.5,1,0
100,2021-08-28 09:13:00,1.62,164.0,158.0,165,8.216666666666667,7.3,1.19,16.0,7.302231237322515,8.219178082191782,1,0
99,2021-08-29 07:53:00,9.1,853.0,151.0,163,8.05,3.9,1.23,90.08333333333333,7.453416149068322,15.384615384615385,1,0
98,2021-08-30 06:27:00,3.12,278.0,147.0,162,7.766666666666667,6.6,1.28,24.2,7.725321888412017,9.090909090909092,1,0
97,2021-08-30 16:19:00,4.0,370.0,153.0,162,7.433333333333334,6.533333333333333,1.34,30.433333333333334,8.071748878923767,9.183673469387756,1,0
96,2021-08-31 15:02:00,2.46,231.0,150.0,157,8.0,6.916666666666667,1.28,36.916666666666664,7.5,8.674698795180722,1,0
95,2021-08-31 15:57:00,5.59,551.0,170.0,145,7.5,5.266666666666667,1.42,41.86666666666667,8.0,11.39240506329114,1,0
93,2021-09-02 11:49:00,4.05,377.0,149.0,163,7.55,6.933333333333334,1.31,30.633333333333333,7.9470198675496695,8.653846153846153,1,0
92,2021-09-03 11:43:00,6.05,560.0,154.0,162,7.583333333333333,6.433333333333334,1.31,51.266666666666666,7.912087912087912,9.32642487046632,1,0
91,2021-09-04 09:04:00,9.0,862.0,158.0,162,7.633333333333333,5.283333333333333,1.29,84.75,7.860262008733625,11.35646687697161,1,0
89,2021-09-06 08:45:00,5.03,462.0,142.0,164,7.9,7.15,1.24,41.733333333333334,7.594936708860759,8.391608391608392,1,0
88,2021-09-06 15:13:00,2.98,287.0,151.0,162,7.7,1.75,1.29,25.833333333333332,7.792207792207792,34.285714285714285,1,0
87,2021-09-07 15:26:00,2.05,194.0,148.0,158,7.916666666666667,6.85,1.29,21.8,7.578947368421052,8.75912408759124,1,0
86,2021-09-07 15:57:00,5.99,564.0,172.0,165,6.666666666666667,5.966666666666667,1.46,39.93333333333333,9.0,10.05586592178771,1,0
85,2021-09-07 16:43:00,1.98,194.0,147.0,161,8.5,7.9,1.18,20.85,7.0588235294117645,7.594936708860759,1,0
84,2021-09-08 09:39:00,8.53,801.0,144.0,162,8.4,7.15,1.18,74.43333333333334,7.142857142857142,8.391608391608392,1,0
83,2021-09-09 07:36:00,3.01,273.0,141.0,164,7.783333333333333,6.85,1.26,23.65,7.7087794432548185,8.75912408759124,1,0
82,2021-09-09 15:18:00,5.14,496.0,151.0,162,7.8,6.466666666666667,1.27,40.15,7.6923076923076925,9.278350515463917,1,0
81,2021-09-10 15:03:00,2.59,250.0,150.0,160,7.85,7.283333333333333,1.28,36.6,7.643312101910828,8.237986270022883,1,0
80,2021-09-10 15:52:00,5.8,569.0,172.0,148,7.15,5.183333333333334,1.48,41.61666666666667,8.391608391608392,11.57556270096463,1,0
79,2021-09-10 16:46:00,1.97,198.0,151.0,161,8.216666666666667,7.583333333333333,1.21,16.15,7.302231237322515,7.912087912087912,1,0
78,2021-09-11 12:51:00,3.01,289.0,147.0,163,7.933333333333334,6.966666666666667,1.24,23.833333333333332,7.563025210084033,8.61244019138756,1,0
76,2021-09-13 10:12:00,5.01,472.0,149.0,163,7.683333333333334,7.066666666666666,1.29,45.28333333333333,7.809110629067245,8.49056603773585,1,0
75,2021-09-13 16:12:00,3.09,299.0,151.0,151,8.033333333333333,4.65,1.5,36.53333333333333,7.468879668049793,12.903225806451612,1,0
74,2021-09-14 15:04:00,2.51,228.0,140.0,159,8.2,7.333333333333333,1.23,41.68333333333333,7.317073170731708,8.181818181818182,1,0
73,2021-09-14 16:04:00,5.2,483.0,160.0,143,7.816666666666666,4.95,1.39,40.68333333333333,7.67590618336887,12.121212121212121,1,0
72,2021-09-14 16:59:00,1.85,177.0,144.0,161,8.4,7.45,1.19,18.366666666666667,7.142857142857142,8.053691275167784,1,0
71,2021-09-15 08:07:00,5.01,449.0,142.0,164,7.75,6.916666666666667,1.27,42.233333333333334,7.741935483870968,8.674698795180722,1,0
70,2021-09-15 16:54:00,3.01,278.0,147.0,163,7.466666666666667,6.833333333333333,1.32,22.633333333333333,8.035714285714285,8.78048780487805,1,0
69,2021-09-16 15:17:00,4.22,356.0,138.0,160,7.616666666666667,3.95,1.33,55.81666666666667,7.877461706783369,15.189873417721518,1,0
67,2021-09-17 13:47:00,1.94,192.0,153.0,156,8.2,7.65,1.25,21.766666666666666,7.317073170731708,7.8431372549019605,1,0
64,2021-09-19 11:12:00,5.01,467.0,144.0,164,7.916666666666667,7.15,1.24,41.18333333333333,7.578947368421052,8.391608391608392,1,0
63,2021-09-19 18:57:00,3.05,278.0,140.0,161,7.933333333333334,6.6,1.26,24.166666666666668,7.563025210084033,9.090909090909092,1,0
62,2021-09-20 09:45:00,5.01,462.0,153.0,164,7.35,6.383333333333334,1.33,37.03333333333333,8.16326530612245,9.39947780678851,1,0
61,2021-09-20 16:31:00,3.07,290.0,149.0,158,7.6,6.55,1.39,35.333333333333336,7.894736842105264,9.160305343511451,1,0
60,2021-09-21 15:29:00,1.92,170.0,142.0,161,7.566666666666666,5.3,1.32,19.633333333333333,7.929515418502203,11.320754716981133,1,0
59,2021-09-21 16:11:00,4.73,417.0,168.0,168,6.4,5.45,1.5,30.216666666666665,9.375,11.009174311926605,1,0
58,2021-09-21 16:42:00,2.29,222.0,144.0,161,8.2,6.866666666666667,1.22,53.25,7.317073170731708,8.737864077669903,1,0
57,2021-09-22 09:20:00,9.02,846.0,148.0,166,7.633333333333333,6.733333333333333,1.27,73.3,7.860262008733625,8.910891089108912,1,0
56,2021-09-23 08:19:00,3.0,275.0,141.0,165,7.6,7.066666666666666,1.29,22.8,7.894736842105264,8.49056603773585,1,0
55,2021-09-23 15:15:00,6.07,526.0,140.0,161,7.616666666666667,4.516666666666667,1.31,59.95,7.877461706783369,13.284132841328413,1,0
54,2021-09-24 15:02:00,2.46,213.0,142.0,158,7.65,4.4,1.33,44.71666666666667,7.8431372549019605,13.636363636363635,1,0
53,2021-09-24 16:00:00,5.37,501.0,166.0,154,7.166666666666667,4.383333333333334,1.47,60.88333333333333,8.372093023255813,13.688212927756652,1,0
50,2021-09-27 16:00:00,1.51,139.0,144.0,160,7.55,6.916666666666667,1.33,11.416666666666666,7.9470198675496695,8.674698795180722,1,0
49,2021-09-28 15:03:00,3.61,329.0,143.0,152,7.833333333333333,3.9166666666666665,1.34,56.8,7.659574468085107,15.319148936170214,1,0
48,2021-09-28 16:03:00,3.51,401.0,165.0,110,8.766666666666667,4.683333333333334,1.58,30.816666666666666,6.844106463878326,12.811387900355871,1,0
47,2021-09-28 16:43:00,2.5,259.0,155.0,162,8.316666666666666,7.883333333333333,1.19,20.783333333333335,7.214428857715431,7.6109936575052854,1,0
46,2021-09-29 10:09:00,5.22,512.0,152.0,163,7.683333333333334,6.783333333333333,1.29,40.083333333333336,7.809110629067245,8.845208845208845,1,0
45,2021-09-29 17:00:00,3.03,271.0,141.0,163,7.666666666666667,7.133333333333334,1.29,24.483333333333334,7.826086956521739,8.411214953271028,1,0
44,2021-09-30 15:19:00,6.14,571.0,148.0,161,7.683333333333334,4.516666666666667,1.3,57.8,7.809110629067245,13.284132841328413,1,0
43,2021-10-01 15:20:00,4.01,384.0,149.0,161,7.816666666666666,6.95,1.28,31.816666666666666,7.67590618336887,8.633093525179856,1,0
42,2021-10-02 09:17:00,1.94,181.0,141.0,158,8.433333333333334,7.65,1.2,24.416666666666668,7.1146245059288535,7.8431372549019605,1,0
41,2021-10-02 10:55:00,2.98,307.0,149.0,161,8.633333333333333,7.1,1.16,26.033333333333335,6.94980694980695,8.450704225352114,1,0
39,2021-10-03 11:01:00,4.03,386.0,152.0,164,7.566666666666666,7.066666666666666,1.29,30.433333333333334,7.929515418502203,8.49056603773585,1,0
37,2021-10-05 15:13:00,6.41,612.0,157.0,158,7.733333333333333,3.6,1.33,71.81666666666666,7.758620689655173,16.666666666666668,1,0
36,2021-10-06 15:20:00,1.96,186.0,154.0,161,7.45,6.783333333333333,1.34,14.65,8.053691275167784,8.845208845208845,1,0
35,2021-10-06 15:47:00,5.76,520.0,174.0,165,6.45,5.45,1.51,37.166666666666664,9.30232558139535,11.009174311926605,1,0
34,2021-10-06 16:25:00,1.59,158.0,144.0,159,8.85,7.683333333333334,1.14,24.233333333333334,6.779661016949153,7.809110629067245,1,0
33,2021-10-07 15:15:00,6.13,561.0,151.0,164,7.55,4.733333333333333,1.3,62.983333333333334,7.9470198675496695,12.676056338028168,1,0
32,2021-10-08 10:36:00,4.02,378.0,151.0,164,7.483333333333333,6.716666666666667,1.31,30.066666666666666,8.017817371937639,8.933002481389577,1,0
31,2021-10-09 08:33:00,2.58,239.0,144.0,159,8.183333333333334,7.583333333333333,1.24,49.68333333333333,7.3319755600814664,7.912087912087912,1,0
30,2021-10-09 09:41:00,4.22,454.0,165.0,114,8.633333333333333,4.35,1.6,36.416666666666664,6.94980694980695,13.793103448275863,1,0
29,2021-10-09 10:29:00,2.15,216.0,152.0,164,8.1,7.116666666666666,1.21,17.416666666666668,7.407407407407407,8.430913348946136,1,0
27,2021-10-11 16:27:00,6.01,571.0,150.0,161,7.916666666666667,7.033333333333333,1.26,49.96666666666667,7.578947368421052,8.530805687203792,1,0
26,2021-10-12 15:03:00,3.17,271.0,144.0,159,7.45,4.45,1.36,49.016666666666666,8.053691275167784,13.48314606741573,1,0
24,2021-10-12 16:34:00,1.59,150.0,144.0,164,8.15,7.316666666666666,1.2,20.75,7.361963190184048,8.200455580865604,1,0
23,2021-10-13 16:21:00,5.01,498.0,155.0,162,7.866666666666667,6.516666666666667,1.26,39.333333333333336,7.627118644067796,9.207161125319693,1,0
22,2021-10-14 15:02:00,6.11,546.0,155.0,162,7.183333333333334,4.166666666666667,1.38,80.8,8.352668213457076,14.399999999999999,1,0
21,2021-10-15 16:04:00,3.94,362.0,147.0,158,7.783333333333333,3.5166666666666666,1.33,34.93333333333333,7.7087794432548185,17.061611374407583,1,0
19,2021-10-16 10:59:00,1.94,182.0,147.0,158,7.8,7.083333333333333,1.3,25.083333333333332,7.6923076923076925,8.470588235294118,1,0
18,2021-10-17 08:46:00,9.07,892.0,149.0,164,8.1,6.933333333333334,1.21,76.58333333333333,7.407407407407407,8.653846153846153,1,0
17,2021-10-18 16:17:00,5.04,481.0,155.0,164,7.333333333333333,6.5,1.34,38.4,8.181818181818182,9.23076923076923,1,0
16,2021-10-19 15:02:00,2.51,227.0,143.0,161,7.633333333333333,4.233333333333333,1.31,43.03333333333333,7.860262008733625,14.173228346456693,1,0
15,2021-10-19 15:56:00,3.19,312.0,166.0,139,7.266666666666667,4.933333333333334,1.6,23.183333333333334,8.256880733944953,12.162162162162161,1,0
13,2021-10-20 17:59:00,5.09,486.0,145.0,164,8.0,6.983333333333333,1.23,41.166666666666664,7.5,8.591885441527447,1,0
12,2021-10-21 15:10:00,3.35,319.0,141.0,162,8.2,7.483333333333333,1.21,30.25,7.317073170731708,8.017817371937639,1,0
11,2021-10-22 15:54:00,1.96,189.0,145.0,159,7.966666666666667,7.066666666666666,1.27,21.333333333333332,7.531380753138075,8.49056603773585,1,0
10,2021-10-22 17:22:00,2.1,204.0,137.0,160,8.583333333333334,7.766666666666667,1.17,21.833333333333332,6.990291262135922,7.725321888412017,1,0
9,2021-10-23 11:32:00,3.01,283.0,149.0,166,7.316666666666666,6.383333333333334,1.33,22.566666666666666,8.200455580865604,9.39947780678851,1,0
8,2021-10-24 08:40:00,7.24,718.0,142.0,163,9.033333333333333,7.566666666666666,1.09,72.93333333333334,6.642066420664206,7.929515418502203,1,0
6,2021-10-29 10:58:00,3.01,289.0,156.0,164,7.333333333333333,6.566666666666666,1.34,23.8,8.181818181818182,9.137055837563452,1,0
5,2021-11-01 16:33:00,5.31,522.0,170.0,165,7.116666666666666,4.233333333333333,1.38,49.46666666666667,8.430913348946136,14.173228346456693,1,0
4,2021-11-03 16:24:00,5.3,511.0,163.0,164,7.116666666666666,6.516666666666667,1.38,40.68333333333333,8.430913348946136,9.207161125319693,1,0
2,2021-11-05 15:09:00,4.01,371.0,155.0,163,7.266666666666667,4.266666666666667,1.36,41.38333333333333,8.256880733944953,14.0625,1,0
1,2021-11-06 09:12:00,4.03,403.0,157.0,165,7.533333333333333,6.633333333333333,1.29,30.6,7.964601769911504,9.045226130653267,1,0
0,2021-11-07 09:13:00,7.48,744.0,155.0,164,8.116666666666667,6.966666666666667,1.21,69.25,7.392197125256673,8.61244019138756,1,0
