Activity Type,Date,Favorite,Title,Distance,Calories,Time,Avg HR,Max HR,Aerobic TE,Avg Run Cadence,Max Run Cadence,Avg Pace,Best Pace,Total Ascent,Total Descent,Avg Stride Length,Avg Vertical Ratio,Avg Vertical Oscillation,Training Stress ScoreÂ®,Grit,Flow,Dive Time,Min Temp,Surface Interval,Decompression,Best Lap Time,Number of Laps,Max Temp,Moving Time,Elapsed Time,Min Elevation,Max Elevation
Running,10/28/2021 11:11,FALSE,Oxford Running,6.33,617,0:46:57,148,178,2.6,160,185,7:25,4:32,182,179,1.35,0,0,0,0,0,0:00,0,0:00,No,02:14.6,7,0,0:46:53,0:49:22,772,887
Running,10/27/2021 13:06,FALSE,Oxford Running,6.41,618,0:46:41,145,168,2.7,160,173,7:17,6:11,202,192,1.38,0,0,0,0,0,0:00,0,0:00,No,02:48.8,7,0,0:46:39,0:47:41,772,886
Running,10/26/2021 15:18,FALSE,Butler County Running,7.73,768,0:54:29,156,182,3.2,161,197,7:03,4:06,59,63,1.41,0,0,0,0,0,0:00,0,0:00,No,00:09.9,22,0,0:51:08,1:18:05,774,804
Running,10/25/2021 18:01,FALSE,Oxford Running,6.01,631,0:44:22,151,171,3,156,163,7:23,6:56,125,124,1.39,0,0,0,0,0,0:00,0,0:00,No,00:06.6,7,0,0:44:20,0:44:22,771,889
Running,10/22/2021 18:03,FALSE,Butler County Running,5.81,558,0:40:56,150,171,2.5,160,240,7:03,4:15,23,23,1.39,0,0,0,0,0,0:00,0,0:00,No,00:07.7,11,0,0:39:55,0:51:44,774,801
Running,10/20/2021 17:59,FALSE,Butler County Running,5.07,451,0:40:00,136,159,2,156,163,7:53,6:58,50,46,1.31,0,0,0,0,0,0:00,0,0:00,No,00:32.8,6,0,0:39:59,0:40:36,771,815
Running,10/19/2021 15:16,FALSE,Butler County Running,8.55,834,0:58:42,159,194,3.6,161,197,6:52,4:27,283,278,1.43,0,0,0,0,0,0:00,0,0:00,No,00:58.7,20,0,0:56:33,1:31:00,785,912
Running,10/18/2021 17:54,FALSE,Oxford Running,7.35,655,0:56:39,143,172,2.2,156,171,7:43,6:33,134,209,1.34,0,0,0,0,0,0:00,0,0:00,No,02:24.7,8,0,0:56:36,0:57:41,771,892
Running,10/17/2021 8:45,FALSE,Butler County Running,8.95,"1,141",1:12:12,160,183,3.5,160,175,8:04,5:37,369,367,1.25,0,0,0,0,0,0:00,0,0:00,No,06:53.5,9,0,1:12:11,1:14:23,778,951
Running,10/15/2021 7:06,FALSE,Leon County Running,2.35,250,0:18:03,143,172,2.1,156,173,7:40,5:03,17,29,1.34,0,0,0,0,0,0:00,0,0:00,No,02:01.5,3,0,0:18:01,0:23:17,75,107
Running,10/14/2021 12:44,FALSE,Leon County Running,5.14,520,0:37:22,145,164,2.5,157,170,7:16,5:58,95,104,1.41,0,0,0,0,0,0:00,0,0:00,No,01:02.5,6,0,0:37:21,0:37:31,46,95
Running,10/13/2021 13:06,FALSE,Oxford Running,8.02,764,1:00:01,142,163,2.4,156,164,7:29,6:53,136,126,1.38,0,0,0,0,0,0:00,0,0:00,No,00:02.2,10,0,0:59:59,1:00:01,769,895
Running,10/12/2021 15:17,FALSE,Butler County Running,9.14,857,1:09:37,145,173,2.6,160,237,7:37,4:05,108,111,1.29,0,0,0,0,0,0:00,0,0:00,No,01:24.5,19,0,1:04:54,1:44:22,771,814
Running,10/11/2021 18:11,FALSE,Butler County Running,5.92,546,0:45:01,138,164,2,158,172,7:36,6:23,120,125,1.34,0,0,0,0,0,0:00,0,0:00,No,06:41.1,6,0,0:44:59,0:46:02,771,887
Running,10/11/2021 10:37,FALSE,Oxford Running,3.01,297,0:22:31,139,158,2.1,157,170,7:28,6:24,73,84,1.37,0,0,0,0,0,0:00,0,0:00,No,00:02.5,5,0,0:22:29,0:22:35,779,866
Running,10/10/2021 13:01,FALSE,Oxford Running,10.41,981,1:15:01,147,164,2.7,156,165,7:12,6:22,311,290,1.43,0,0,0,0,0,0:00,0,0:00,No,02:50.0,11,0,1:15:00,1:15:38,771,"1,013"
Running,10/9/2021 8:59,FALSE,Butler County Running,11.5,"1,156",1:24:07,154,188,3.5,162,199,7:19,4:11,153,157,1.33,0,0,0,0,0,0:00,0,0:00,No,01:09.0,28,0,1:17:46,1:55:36,772,817
Running,10/8/2021 10:36,FALSE,Oxford Running,4.02,355,0:30:05,133,156,1.8,156,163,7:29,7:03,42,115,1.38,0,0,0,0,0,0:00,0,0:00,No,00:08.8,5,0,0:30:04,0:30:05,771,896
Running,10/7/2021 11:00,FALSE,Oxford Running,6.01,561,0:43:02,143,162,2.3,157,163,7:10,6:37,118,115,1.43,0,0,0,0,0,0:00,0,0:00,No,00:04.2,7,0,0:43:00,0:44:47,771,895
Running,10/6/2021 17:47,FALSE,Oxford Running,11.12,"1,016",1:09:18,159,187,4,163,183,6:14,4:45,171,186,1.58,0,0,0,0,0,0:00,0,0:00,No,00:08.1,27,0,1:09:03,1:19:54,771,889
Running,10/5/2021 15:12,FALSE,Butler County Running,6.45,725,0:49:40,151,167,2.9,157,177,7:42,6:17,179,172,1.33,0,0,0,0,0,0:00,0,0:00,No,03:17.5,7,0,0:49:36,0:52:33,772,889
Running,10/5/2021 9:00,FALSE,Oxford Running,3.01,305,0:21:48,143,166,2.2,155,161,7:15,6:49,79,91,1.43,0,0,0,0,0,0:00,0,0:00,No,00:02.5,4,0,0:21:47,0:21:48,788,896
Running,10/4/2021 8:08,FALSE,Oxford Running,14,"1,330",1:39:32,150,167,2.8,157,168,7:06,6:22,344,360,1.44,0,0,0,0,0,0:00,0,0:00,No,00:01.6,15,0,1:39:27,1:50:27,771,"1,028"
Running,10/3/2021 18:09,FALSE,Oxford Running,4.09,432,0:29:33,148,165,2.6,156,164,7:13,6:44,121,107,1.43,0,0,0,0,0,0:00,0,0:00,No,00:39.0,5,0,0:29:32,0:29:33,774,895
Running,10/3/2021 11:01,FALSE,Oxford Running,3.01,283,0:22:46,136,148,1.9,156,163,7:33,7:16,35,37,1.36,0,0,0,0,0,0:00,0,0:00,No,00:05.5,4,0,0:22:45,0:22:46,851,889
Running,10/2/2021 10:18,FALSE,Louisville Running,3.13,329,0:26:20,136,154,2,155,170,8:25,7:30,74,74,1.23,0,0,0,0,0,0:00,0,0:00,No,01:01.3,4,0,0:26:16,0:39:31,654,715
Running,10/2/2021 8:38,FALSE,Louisville Running,2.39,265,0:17:52,149,170,2.2,157,171,7:29,5:24,17,14,1.37,0,0,0,0,0,0:00,0,0:00,No,02:28.3,3,0,0:17:50,0:25:11,676,703
Running,10/1/2021 15:28,FALSE,Louisville Running,5.02,473,0:37:54,137,158,2.1,155,164,7:33,6:29,73,73,1.37,0,0,0,0,0,0:00,0,0:00,No,00:06.9,6,0,0:37:52,0:38:28,675,715
Running,9/30/2021 16:51,FALSE,Butler County Running,3.44,322,0:25:29,136,148,1.9,156,161,7:24,6:43,17,22,1.4,0,0,0,0,0,0:00,0,0:00,No,03:17.0,4,0,0:25:27,0:26:53,772,797
Running,9/30/2021 11:58,FALSE,Oxford Running,6.64,602,0:46:29,142,172,2.5,157,200,7:00,4:03,45,117,1.45,0,0,0,0,0,0:00,0,0:00,No,00:30.6,17,0,0:46:17,0:50:09,772,895
Running,9/29/2021 17:58,FALSE,Butler County Running,4.01,368,0:29:25,138,158,1.9,156,173,7:20,6:44,10,13,1.41,0,0,0,0,0,0:00,0,0:00,No,00:03.2,5,0,0:29:23,0:30:14,778,812
Running,9/29/2021 12:59,FALSE,Oxford Running,7.01,652,0:50:31,142,158,2.3,156,165,7:12,6:40,160,152,1.43,0,0,0,0,0,0:00,0,0:00,No,00:03.6,8,0,0:50:29,0:50:31,771,912
Running,9/28/2021 15:13,FALSE,Butler County Running,9.19,926,1:07:00,153,189,3.3,159,225,7:17,4:11,49,44,1.36,0,0,0,0,0,0:00,0,0:00,No,00:02.3,21,0,1:06:17,1:43:00,771,804
Running,9/27/2021 17:57,FALSE,Oxford Running,7.01,625,0:51:25,140,165,2.1,155,161,7:20,6:49,126,142,1.42,0,0,0,0,0,0:00,0,0:00,No,00:02.2,8,0,0:51:24,0:51:40,771,895
Running,9/26/2021 8:23,FALSE,Butler County Running,10.92,"1,132",1:24:02,152,173,2.9,156,164,7:42,5:57,208,210,1.34,0,0,0,0,0,0:00,0,0:00,No,05:41.4,11,0,1:23:59,1:35:08,772,895
Running,9/24/2021 13:47,FALSE,Butler County Running,9.22,"1,004",1:07:20,156,200,3.3,161,203,7:18,4:02,280,283,1.36,0,0,0,0,0,0:00,0,0:00,No,00:26.8,21,0,1:04:30,1:50:12,772,852
Running,9/23/2021 16:24,FALSE,Butler County Running,4.14,398,0:30:01,140,157,2.1,156,163,7:15,6:42,37,39,1.42,0,0,0,0,0,0:00,0,0:00,No,00:56.1,5,0,0:30:00,0:30:19,780,813
Running,9/23/2021 12:13,FALSE,Oxford Running,6.02,570,0:42:40,142,167,2.5,157,209,7:05,3:41,94,103,1.43,0,0,0,0,0,0:00,0,0:00,No,00:29.9,16,0,0:42:36,0:47:58,771,894
Running,9/22/2021 12:52,FALSE,Oxford Running,9.04,836,1:04:29,145,165,2.4,158,166,7:08,6:26,316,319,1.43,0,0,0,0,0,0:00,0,0:00,No,00:17.6,10,0,1:04:25,1:04:41,771,"1,013"
Running,9/21/2021 15:31,FALSE,Butler County Running,9.66,976,0:58:52,163,187,4.1,162,177,6:06,5:02,276,278,1.62,0,0,0,0,0,0:00,0,0:00,No,00:01.7,11,0,0:58:19,1:26:17,899,"1,030"
Running,9/19/2021 18:57,FALSE,Butler County Running,3.01,274,0:24:21,130,153,1.5,154,161,8:05,6:59,29,40,1.29,0,0,0,0,0,0:00,0,0:00,No,00:04.4,4,0,0:24:19,0:24:24,771,815
Running,9/19/2021 8:25,FALSE,Oxford Running,3.81,337,0:28:45,132,151,1.8,157,163,7:33,6:43,105,89,1.36,0,0,0,0,0,0:00,0,0:00,No,05:50.6,4,0,0:28:44,0:29:04,788,896
Running,9/18/2021 10:15,FALSE,Oxford Running,12.38,"1,106",1:31:21,144,165,2.5,157,179,7:23,6:10,437,435,1.39,0,0,0,0,0,0:00,0,0:00,No,02:33.8,13,0,0:00:00,1:33:35,771,"1,012"
Running,9/17/2021 14:52,FALSE,Greene County Running,3.01,339,0:22:11,149,162,2.4,157,168,7:22,6:39,67,64,1.39,0,0,0,0,0,0:00,0,0:00,No,00:02.5,4,0,0:00:00,0:52:54,"1,026","1,066"
Running,9/17/2021 13:02,FALSE,Greene County Running,2.65,272,0:19:03,143,168,2.2,155,166,7:11,5:26,7,10,1.44,0,0,0,0,0,0:00,0,0:00,No,04:00.0,3,0,0:00:00,0:28:41,"1,050","1,069"
Running,9/16/2021 16:51,FALSE,Oxford Running,5.02,450,0:36:44,136,155,2,155,162,7:19,6:43,126,108,1.42,0,0,0,0,0,0:00,0,0:00,No,00:07.5,6,0,0:00:00,0:36:44,772,896
Running,9/15/2021 18:13,FALSE,Oxford Running,4.04,340,0:28:55,133,143,1.6,157,164,7:09,6:34,40,109,1.43,0,0,0,0,0,0:00,0,0:00,No,00:17.8,5,0,0:00:00,0:28:55,771,897
Running,9/15/2021 12:58,FALSE,Oxford Running,6.01,479,0:45:15,129,158,1.8,156,163,7:31,6:22,138,119,1.37,0,0,0,0,0,0:00,0,0:00,No,00:04.4,7,0,0:00:00,0:45:15,772,896
Running,9/14/2021 15:26,FALSE,Butler County Running,10.27,966,1:13:21,152,187,3.4,161,192,7:09,4:22,83,80,1.39,0,0,0,0,0,0:00,0,0:00,No,00:28.9,37,0,0:00:00,1:51:09,772,804
Running,9/13/2021 17:58,FALSE,Oxford Running,5.52,497,0:39:19,138,159,2.2,157,166,7:07,6:27,150,142,1.43,0,0,0,0,0,0:00,0,0:00,No,03:26.7,6,0,0:00:00,0:40:53,788,895
Running,9/13/2021 10:12,FALSE,Oxford Running,5.5,485,0:41:53,135,159,1.9,155,165,7:37,6:39,160,177,1.36,0,0,0,0,0,0:00,0,0:00,No,03:55.0,6,0,0:00:00,0:45:23,811,958
Running,9/12/2021 9:00,FALSE,Preble County Running,13.21,"1,202",1:44:07,140,169,2.6,158,175,7:53,5:36,578,577,1.29,0,0,0,0,0,0:00,0,0:00,No,01:23.8,14,0,0:00:00,1:55:13,862,"1,027"
Running,9/10/2021 13:20,FALSE,Butler County Running,12.01,"1,195",1:17:36,160,195,4,161,197,6:28,4:23,423,420,1.52,0,0,0,0,0,0:00,0,0:00,No,00:04.5,26,0,0:00:00,1:39:49,787,883
Running,9/9/2021 16:24,FALSE,Oxford Running,8.01,718,0:56:37,142,159,2.2,155,163,7:04,6:37,133,142,1.47,0,0,0,0,0,0:00,0,0:00,No,00:02.0,9,0,0:00:00,0:56:37,773,896
Running,9/9/2021 7:36,FALSE,Oxford Running,3.01,246,0:23:28,125,143,1.4,155,160,7:48,7:02,98,96,1.33,0,0,0,0,0,0:00,0,0:00,No,00:02.4,4,0,0:00:00,0:23:42,788,895
Running,9/8/2021 12:54,FALSE,Oxford Running,10.01,843,1:12:41,139,161,2.3,156,166,7:16,6:39,321,324,1.43,0,0,0,0,0,0:00,0,0:00,No,00:02.2,11,0,0:00:00,1:12:58,771,"1,013"
Running,9/7/2021 15:29,FALSE,Butler County Running,10.85,"1,031",1:11:19,162,191,4.1,161,177,6:35,5:00,252,245,1.51,0,0,0,0,0,0:00,0,0:00,No,00:02.6,16,0,0:00:00,1:30:05,770,913
Running,9/5/2021 8:50,FALSE,Butler County Running,13.04,"1,055",1:34:01,141,164,2.5,156,168,7:13,6:33,523,513,1.43,0,0,0,0,0,0:00,0,0:00,No,00:15.8,14,0,0:00:00,1:42:48,794,"1,029"
Running,9/4/2021 10:58,FALSE,Bloomington Running,2.79,294,0:22:36,139,168,2,157,168,8:06,6:58,129,133,1.27,0,0,0,0,0,0:00,0,0:00,No,06:07.0,3,0,0:00:00,0:25:11,760,853
Running,9/4/2021 9:09,FALSE,Bloomington Running,2.47,235,0:17:56,138,170,2,156,171,7:16,5:21,139,140,1.41,0,0,0,0,0,0:00,0,0:00,No,02:38.8,3,0,0:00:00,0:23:55,732,853
Running,9/3/2021 16:09,FALSE,Bloomington Running,5,399,0:36:16,132,148,1.7,155,166,7:15,6:37,230,238,1.43,0,0,0,0,0,0:00,0,0:00,No,00:02.0,6,0,0:00:00,0:36:56,730,887
Running,9/2/2021 11:49,FALSE,Oxford Running,6.1,501,0:44:12,135,166,2,157,191,7:15,4:09,106,115,1.41,0,0,0,0,0,0:00,0,0:00,No,00:16.4,17,0,0:00:00,0:47:04,771,895
Running,9/2/2021 6:28,FALSE,Butler County Running,4.01,435,0:31:34,144,170,2.3,154,162,7:53,7:08,18,21,1.32,0,0,0,0,0,0:00,0,0:00,No,00:02.1,5,0,0:00:00,0:32:44,772,799
Running,9/1/2021 12:59,FALSE,Oxford Running,9.01,796,1:05:04,140,169,2.3,156,165,7:13,6:46,306,318,1.43,0,0,0,0,0,0:00,0,0:00,No,00:03.0,10,0,0:00:00,1:05:04,771,"1,013"
Running,8/31/2021 15:17,FALSE,Butler County Running,9.97,936,1:05:10,160,190,4,161,185,6:32,4:48,45,38,1.52,0,0,0,0,0,0:00,0,0:00,No,00:23.3,24,0,0:00:00,1:51:48,772,804
Running,8/30/2021 18:08,FALSE,Oxford Running,7.01,549,0:49:12,138,162,2.1,155,163,7:01,6:31,255,270,1.48,0,0,0,0,0,0:00,0,0:00,No,00:03.4,8,0,0:00:00,0:51:40,850,"1,028"
Running,8/29/2021 7:54,FALSE,Butler County Running,10.33,950,1:21:36,140,164,2.4,157,170,7:54,6:35,247,237,1.3,0,0,0,0,0,0:00,0,0:00,No,02:12.7,11,0,0:00:00,1:31:05,772,897
Running,8/28/2021 7:57,FALSE,Butler County Running,10.01,981,1:04:52,162,189,4,161,179,6:29,4:45,221,222,1.54,0,0,0,0,0,0:00,0,0:00,No,00:05.2,12,0,0:00:00,1:26:33,769,913
Running,8/26/2021 6:24,FALSE,Butler County Running,4.25,443,0:31:51,147,173,2.6,156,243,7:30,3:02,34,34,1.36,0,0,0,0,0,0:00,0,0:00,No,00:16.0,15,0,0:00:00,0:33:23,772,814
Running,8/25/2021 18:19,FALSE,Oxford Running,6.59,577,0:50:38,137,154,2,154,170,7:41,6:42,177,186,1.36,0,0,0,0,0,0:00,0,0:00,No,04:24.1,7,0,0:00:00,0:57:13,772,889
Running,8/24/2021 15:29,FALSE,Butler County Running,8.15,850,1:02:29,156,193,3.4,158,187,7:40,4:26,27,32,1.3,0,0,0,0,0,0:00,0,0:00,No,00:04.7,19,0,0:00:00,1:35:59,780,809
Running,8/23/2021 20:36,FALSE,Oxford Running,4.01,386,0:29:38,142,161,2.2,154,159,7:24,7:07,134,130,1.41,0,0,0,0,0,0:00,0,0:00,No,00:02.8,5,0,0:00:00,0:29:41,788,895
Running,8/23/2021 8:03,FALSE,Oxford Running,5.52,442,0:42:04,132,153,1.8,155,160,7:37,6:59,75,86,1.36,0,0,0,0,0,0:00,0,0:00,No,04:04.2,6,0,0:00:00,0:47:55,772,866
Running,8/22/2021 8:50,FALSE,Butler County Running,11.03,"1,099",1:30:01,147,166,2.6,156,169,8:10,6:54,467,467,1.27,0,0,0,0,0,0:00,0,0:00,No,00:01.9,13,0,0:00:00,1:37:21,771,951
Running,8/21/2021 8:50,FALSE,Butler County Running,12.01,"1,174",1:23:52,162,195,4.1,159,191,6:59,4:45,157,156,1.43,0,0,0,0,0,0:00,0,0:00,No,00:32.7,21,0,0:00:00,2:06:50,771,815
Running,8/20/2021 13:35,FALSE,Oxford Running,4.64,512,0:33:03,156,176,3.1,155,162,7:08,6:28,88,104,1.45,0,0,0,0,0,0:00,0,0:00,No,04:30.1,5,0,0:00:00,0:33:27,771,869
Running,8/19/2021 8:07,FALSE,Muskegon County Running,9.22,849,1:17:09,138,175,2.3,157,214,8:22,3:55,510,488,1.22,0,0,0,0,0,0:00,0,0:00,No,00:30.1,24,0,0:00:00,1:24:45,612,705
Running,8/17/2021 9:54,FALSE,Fruitport Running,11,"1,069",1:21:16,157,192,3.4,156,187,7:23,4:19,390,392,1.37,0,0,0,0,0,0:00,0,0:00,No,01:53.4,19,0,0:00:00,2:03:40,590,636
Running,8/16/2021 9:58,FALSE,Muskegon County Running,3.29,361,0:27:41,140,165,2.1,155,170,8:24,6:22,240,218,1.24,0,0,0,0,0,0:00,0,0:00,No,02:23.2,4,0,0:00:00,0:29:07,618,709
Running,8/16/2021 7:23,FALSE,Muskegon County Running,7.06,632,0:56:01,135,158,2.1,156,174,7:56,6:16,423,406,1.3,0,0,0,0,0,0:00,0,0:00,No,00:24.2,8,0,0:00:00,0:58:55,598,704
Running,8/15/2021 8:09,FALSE,Oxford Running,7.73,714,1:03:01,136,159,2.1,156,174,8:09,6:22,167,232,1.26,0,0,0,0,0,0:00,0,0:00,No,05:12.8,8,0,0:00:00,1:07:25,772,897
Running,8/14/2021 6:34,FALSE,Oxford Running,11.64,"1,014",1:13:28,156,185,3.9,161,178,6:19,4:51,250,250,1.58,0,0,0,0,0,0:00,0,0:00,No,01:24.2,13,0,0:00:00,1:27:31,848,"1,033"
Running,8/13/2021 17:24,FALSE,Oxford Running,3.01,316,0:21:43,146,161,2.3,155,162,7:13,6:19,39,27,1.44,0,0,0,0,0,0:00,0,0:00,No,00:02.9,4,0,0:00:00,0:21:43,865,883
Running,8/13/2021 8:35,FALSE,Oxford Running,7.37,678,1:00:00,136,159,2.1,155,168,8:08,6:48,255,276,1.27,0,0,0,0,0,0:00,0,0:00,No,02:50.5,8,0,0:00:00,1:08:54,772,897
Running,8/12/2021 8:31,FALSE,Middleburg Heights Running,4.01,395,0:28:18,146,159,2.3,155,164,7:03,6:41,75,77,1.47,0,0,0,0,0,0:00,0,0:00,No,00:03.9,5,0,0:00:00,0:28:24,880,948
Running,8/10/2021 8:12,FALSE,Valley View Running,10.01,996,1:11:25,150,171,3,155,163,7:08,6:28,110,109,1.45,0,0,0,0,0,0:00,0,0:00,No,00:03.5,11,0,1:11:22,1:17:20,595,633
Running,8/9/2021 17:06,FALSE,Middleburg Heights Running,3.05,306,0:21:01,148,165,2.4,156,164,6:53,6:14,119,121,1.5,0,0,0,0,0,0:00,0,0:00,No,00:23.3,4,0,0:20:59,0:21:45,823,938
Running,8/9/2021 8:09,FALSE,Fairview Park Running,8.13,782,1:00:14,145,165,2.6,156,164,7:25,6:33,78,71,1.39,0,0,0,0,0,0:00,0,0:00,No,00:50.2,9,0,1:00:13,1:12:03,623,659
Running,8/8/2021 9:49,FALSE,Medina County Running,14.01,"1,395",1:40:34,151,177,3.1,159,181,7:11,5:00,657,659,1.41,0,0,0,0,0,0:00,0,0:00,No,00:02.1,15,0,1:40:30,1:49:08,896,"1,146"
Running,8/7/2021 8:41,FALSE,North Olmsted Running,6.12,590,0:44:34,144,162,2.3,158,171,7:17,6:33,215,212,1.4,0,0,0,0,0,0:00,0,0:00,No,00:46.7,7,0,0:44:32,0:46:44,657,777
Running,8/6/2021 8:42,FALSE,Fairview Park Running,9,898,1:01:22,154,190,3.4,159,179,6:49,5:00,80,77,1.48,0,0,0,0,0,0:00,0,0:00,No,01:24.3,21,0,1:01:17,1:07:19,623,668
Running,8/5/2021 7:34,FALSE,Fairview Park Running,7.84,771,0:59:07,144,166,2.4,157,182,7:32,6:47,448,448,1.36,0,0,0,0,0,0:00,0,0:00,No,06:11.2,8,0,0:59:05,1:03:31,438,737
Running,8/4/2021 17:52,FALSE,Fairview Park Running,10.02,977,1:10:24,148,165,2.7,157,168,7:02,6:17,69,65,1.46,0,0,0,0,0,0:00,0,0:00,No,00:06.7,11,0,1:10:22,1:10:48,618,668
Running,8/2/2021 7:37,FALSE,Lake Buena Vista Running,4.01,394,0:25:29,152,183,2.8,160,171,6:21,5:16,3,3,1.58,0,0,0,0,0,0:00,0,0:00,No,00:03.5,5,0,0:25:23,0:26:00,89,95
Running,8/1/2021 14:29,FALSE,Lake Buena Vista Running,5.01,502,0:34:31,147,165,2.7,155,163,6:54,6:09,7,3,1.5,0,0,0,0,0,0:00,0,0:00,No,00:03.6,6,0,0:34:29,0:36:42,89,98
Running,7/31/2021 8:49,FALSE,Valley View Running,13.01,"1,202",1:29:09,148,167,3.1,158,170,6:51,6:14,57,62,1.49,0,0,0,0,0,0:00,0,0:00,No,00:02.4,14,0,1:29:07,1:34:12,592,636
Running,7/30/2021 9:07,FALSE,Valley View Running,6.01,609,0:42:39,148,169,2.9,157,164,7:06,6:31,32,30,1.45,0,0,0,0,0,0:00,0,0:00,No,00:03.9,7,0,0:42:38,0:42:39,594,626
Running,7/30/2021 9:07,FALSE,Valley View Running,6.01,609,0:42:39,148,169,2.9,157,164,7:06,6:31,32,30,1.45,0,0,0,0,0,0:00,0,0:00,No,00:03.9,7,0,0:42:38,0:42:39,594,626
Running,7/29/2021 9:07,FALSE,Fairview Park Running,9.05,995,1:05:27,155,161,3.3,160,214,7:14,4:00,182,176,1.39,0,0,0,0,0,0:00,0,0:00,No,00:23.8,27,0,1:05:21,1:06:46,623,679
Running,7/29/2021 9:07,FALSE,Fairview Park Running,9.05,995,1:05:27,155,161,3.3,160,214,7:14,4:00,182,176,1.39,0,0,0,0,0,0:00,0,0:00,No,00:23.8,27,0,1:05:21,1:06:46,623,679
Running,7/28/2021 8:52,FALSE,Middleburg Heights Running,5.02,497,0:35:19,147,163,2.6,156,166,7:02,6:15,115,141,1.47,0,0,0,0,0,0:00,0,0:00,No,00:05.6,6,0,0:35:17,0:44:06,793,912
Running,7/27/2021 8:52,FALSE,Brecksville Running,9.25,920,1:03:00,158,189,3.8,161,181,6:48,4:40,487,494,1.46,0,0,0,0,0,0:00,0,0:00,No,00:32.2,26,0,1:02:53,1:15:32,692,884
Running,7/26/2021 15:20,FALSE,Middleburg Heights Running,3.01,316,0:20:45,152,166,2.5,156,161,6:54,6:23,83,86,1.5,0,0,0,0,0,0:00,0,0:00,No,00:03.0,4,0,0:20:43,0:21:24,830,889
Running,7/26/2021 8:41,FALSE,North Olmsted Running,6.15,653,0:47:17,145,153,2.6,156,237,7:41,6:52,165,153,1.34,0,0,0,0,0,0:00,0,0:00,No,01:01.2,7,0,0:47:15,0:50:30,657,777
Running,7/25/2021 8:09,FALSE,North Royalton Running,4.02,412,0:28:43,145,164,2.5,156,166,7:08,6:20,57,58,1.45,0,0,0,0,0,0:00,0,0:00,No,00:10.3,5,0,0:28:40,0:34:53,808,856
Running,7/24/2021 8:09,FALSE,Valley View Running,11.01,"1,084",1:13:28,153,172,3.2,158,171,6:40,5:45,72,63,1.52,0,0,0,0,0,0:00,0,0:00,No,00:02.6,12,0,1:13:24,1:21:31,591,634
Running,7/23/2021 8:08,FALSE,Fairview Park Running,6.19,627,0:43:57,146,162,2.7,157,164,7:06,6:32,31,28,1.45,0,0,0,0,0,0:00,0,0:00,No,01:14.4,7,0,0:43:54,0:45:17,623,660
Running,7/21/2021 17:54,FALSE,Fairview Park Running,7.63,687,0:55:28,139,164,2.2,155,163,7:16,6:27,52,49,1.42,0,0,0,0,0,0:00,0,0:00,No,04:28.8,8,0,0:55:25,0:59:50,623,663
Running,7/20/2021 8:17,FALSE,Valley View Running,9.08,887,1:00:41,154,186,3.4,160,187,6:41,4:39,67,57,1.5,0,0,0,0,0,0:00,0,0:00,No,00:02.0,25,0,1:00:37,1:08:44,594,632
Running,7/19/2021 11:44,FALSE,Middleburg Heights Running,5.7,561,0:40:23,146,161,2.5,155,163,7:05,6:32,136,140,1.47,0,0,0,0,0,0:00,0,0:00,No,04:56.0,6,0,0:40:21,0:45:57,771,913
Running,7/18/2021 8:49,FALSE,Oxford Running,3.79,360,0:30:01,134,158,2,155,167,7:55,7:03,72,86,1.31,0,0,0,0,0,0:00,0,0:00,No,06:01.3,4,0,0:29:59,0:33:38,772,866
Running,7/17/2021 7:26,FALSE,Fairview Park Running,13.01,"1,219",1:28:07,152,170,3,158,230,6:46,3:41,228,228,1.5,0,0,0,0,0,0:00,0,0:00,No,00:03.1,14,0,1:28:04,1:34:37,627,781
Running,7/16/2021 8:00,FALSE,Cleveland Running,7.63,751,0:54:49,148,170,2.8,156,164,7:11,6:17,166,163,1.43,0,0,0,0,0,0:00,0,0:00,No,04:28.2,8,0,0:54:46,0:56:27,574,689
Running,7/14/2021 17:53,FALSE,Fairview Park Running,9.01,909,1:04:04,152,169,3,156,166,7:07,6:18,41,37,1.45,0,0,0,0,0,0:00,0,0:00,No,00:03.9,10,0,1:04:02,1:07:27,623,669
Running,7/13/2021 8:16,FALSE,Valley View Running,8,804,0:53:27,159,188,3.5,160,191,6:41,5:04,75,65,1.5,0,0,0,0,0,0:00,0,0:00,No,00:07.1,27,0,0:53:17,0:54:15,593,625
Running,7/12/2021 10:36,FALSE,North Olmsted Running,8.13,911,1:00:01,157,176,3.3,157,179,7:23,6:09,210,211,1.39,0,0,0,0,0,0:00,0,0:00,No,00:52.0,9,0,1:00:00,1:00:19,648,779
Running,7/11/2021 10:10,FALSE,Fairview Park Running,5.01,493,0:38:17,141,165,2.2,155,164,7:39,6:53,43,36,1.36,0,0,0,0,0,0:00,0,0:00,No,00:02.1,6,0,0:38:16,0:43:43,623,659
Running,7/10/2021 8:42,FALSE,Valley View Running,12,"1,210",1:21:35,156,170,3.4,157,168,6:48,6:11,77,75,1.51,0,0,0,0,0,0:00,0,0:00,No,00:01.8,13,0,1:21:33,1:23:47,594,633
Running,7/9/2021 8:13,FALSE,Fairview Park Running,8.15,832,0:57:19,154,183,3.2,159,195,7:02,4:19,161,154,1.44,0,0,0,0,0,0:00,0,0:00,No,00:24.9,19,0,0:57:14,1:03:05,623,677
Running,7/8/2021 16:01,FALSE,Middleburg Heights Running,3.01,307,0:20:36,153,173,2.5,156,165,6:51,6:08,112,119,1.51,0,0,0,0,0,0:00,0,0:00,No,00:06.7,4,0,0:20:35,0:21:16,823,937
Running,7/8/2021 7:35,FALSE,Lakewood Running,6.01,569,0:42:04,148,161,2.8,156,163,7:00,6:37,109,124,1.47,0,0,0,0,0,0:00,0,0:00,No,00:01.6,7,0,0:42:03,0:45:35,598,697
Running,7/7/2021 17:54,FALSE,Fairview Park Running,8.04,830,0:57:02,156,176,3.2,157,174,7:05,5:59,84,74,1.45,0,0,0,0,0,0:00,0,0:00,No,00:15.1,9,0,0:56:57,0:58:24,623,667
Running,7/6/2021 8:05,FALSE,Fairview Park Running,6.03,629,0:43:45,153,171,3,156,161,7:15,6:36,32,29,1.42,0,0,0,0,0,0:00,0,0:00,No,00:11.1,7,0,0:43:43,0:44:36,623,658
Running,7/5/2021 17:30,FALSE,Medina County Running,4.07,447,0:29:18,158,177,3,155,171,7:13,6:01,152,76,1.44,0,0,0,0,0,0:00,0,0:00,No,00:28.9,5,0,0:29:17,0:30:21,899,"1,022"
Running,7/4/2021 10:07,FALSE,Strongsville Running,4.05,415,0:30:21,146,165,2.5,155,163,7:30,6:46,47,48,1.39,0,0,0,0,0,0:00,0,0:00,No,00:18.9,5,0,0:30:20,0:31:46,791,822
Running,7/3/2021 9:39,FALSE,Middleburg Heights Running,12.01,"1,202",1:22:04,159,185,3.7,157,175,6:50,5:46,233,230,1.5,0,0,0,0,0,0:00,0,0:00,No,00:02.8,13,0,1:22:00,1:27:58,768,913
Running,7/2/2021 18:59,FALSE,Fairview Park Running,7.01,648,0:51:04,146,183,2.7,155,164,7:17,6:35,51,49,1.43,0,0,0,0,0,0:00,0,0:00,No,00:03.7,8,0,0:51:00,0:55:12,623,661
Running,7/1/2021 17:11,FALSE,Fairview Park Running,8.06,999,0:58:33,172,178,4.4,156,166,7:16,6:32,68,63,1.42,0,0,0,0,0,0:00,0,0:00,No,00:23.2,9,0,0:58:32,1:00:36,623,668
Running,6/30/2021 17:53,FALSE,Fairview Park Running,6.78,723,0:48:18,154,168,3.1,156,168,7:07,6:19,43,41,1.45,0,0,0,0,0,0:00,0,0:00,No,05:34.7,7,0,0:48:17,0:50:38,623,662
Running,6/27/2021 8:56,FALSE,Palos Verdes Estates Running,11.06,"1,055",1:20:55,148,165,2.8,157,179,7:19,6:33,681,698,1.4,0,0,0,0,0,0:00,0,0:00,No,00:25.3,12,0,1:20:52,1:22:43,100,374
Running,6/26/2021 19:40,FALSE,Los Angeles Running,3.95,442,0:30:25,148,162,2.7,154,177,7:42,7:13,126,131,1.36,0,0,0,0,0,0:00,0,0:00,No,07:27.1,4,0,0:30:24,0:33:41,--,134
Running,6/25/2021 17:33,FALSE,Los Angeles Running,6,616,0:46:08,143,157,2.4,154,159,7:41,6:57,54,54,1.36,0,0,0,0,0,0:00,0,0:00,No,00:01.5,7,0,0:46:07,0:46:11,682,722
Running,6/24/2021 17:54,FALSE,Los Angeles Running,4.14,374,0:31:15,136,166,1.9,155,163,7:33,7:01,118,108,1.38,0,0,0,0,0,0:00,0,0:00,No,01:03.9,5,0,0:31:14,0:33:53,10,81
Running,6/24/2021 7:33,FALSE,Los Angeles Running,4.01,347,0:29:50,134,157,2,155,164,7:26,6:54,70,67,1.39,0,0,0,0,0,0:00,0,0:00,No,00:03.4,5,0,0:29:49,0:34:44,128,162
Running,6/23/2021 6:12,FALSE,Los Angeles Running,8.01,671,0:59:04,138,160,2.2,156,233,7:22,6:36,59,48,1.4,0,0,0,0,0,0:00,0,0:00,No,00:05.3,9,0,0:59:02,1:08:46,--,26
Running,6/22/2021 18:58,FALSE,Manhattan Beach Running,6.8,636,0:50:50,145,174,2.5,156,166,7:28,6:55,133,135,1.38,0,0,0,0,0,0:00,0,0:00,No,06:05.5,7,0,0:50:47,0:55:07,14,128
Running,6/21/2021 18:45,FALSE,Seattle Running,3,342,0:24:38,147,162,2.4,153,159,8:12,7:01,--,4,1.28,0,0,0,0,0,0:00,0,0:00,No,00:02.4,4,0,0:24:38,0:27:28,18,29
Running,6/21/2021 10:33,FALSE,Seattle Running,5.26,546,0:34:35,162,185,3.3,158,166,6:35,5:40,17,128,1.55,0,0,0,0,0,0:00,0,0:00,No,01:26.5,6,0,0:34:32,0:40:43,16,136
Running,6/16/2021 18:45,FALSE,Seattle Running,7.43,751,0:56:06,149,170,2.7,155,164,7:33,6:45,301,305,1.38,0,0,0,0,0,0:00,0,0:00,No,03:20.9,8,0,0:55:47,1:07:51,16,154
Running,6/15/2021 18:37,FALSE,Seattle Running,6.15,625,0:44:50,150,171,2.7,154,164,7:18,6:24,120,158,1.43,0,0,0,0,0,0:00,0,0:00,No,01:00.0,7,0,0:44:47,0:48:39,17,138
Running,6/11/2021 14:20,FALSE,Boulder Running,6.23,649,0:43:55,155,182,3.1,156,164,7:03,6:25,189,186,1.46,0,0,0,0,0,0:00,0,0:00,No,01:36.3,7,0,0:43:53,0:46:23,"5,299","5,497"
Running,6/10/2021 18:40,FALSE,Boulder Running,6.01,613,0:41:17,156,176,3.2,158,177,6:52,6:16,112,124,1.48,0,0,0,0,0,0:00,0,0:00,No,00:03.8,7,0,0:41:15,0:44:39,"5,174","5,236"
Running,6/9/2021 18:20,FALSE,Boulder Running,8.01,867,0:55:29,164,182,3.7,159,234,6:56,5:23,232,234,1.46,0,0,0,0,0,0:00,0,0:00,No,00:02.8,9,0,0:55:25,0:55:57,"5,174","5,259"
Running,6/8/2021 18:51,FALSE,Boulder Running,3.1,310,0:22:32,149,184,2.4,155,161,7:16,6:50,49,59,1.43,0,0,0,0,0,0:00,0,0:00,No,00:45.5,4,0,0:22:29,0:25:30,"5,282","5,325"
Running,6/8/2021 7:39,FALSE,Middleburg Heights Running,5.01,468,0:35:57,149,166,2.7,157,168,7:11,6:41,159,141,1.43,0,0,0,0,0,0:00,0,0:00,No,00:02.7,6,0,0:35:55,0:38:17,788,913
Running,6/7/2021 15:22,FALSE,Medina County Running,7.08,720,0:49:15,163,178,3.6,160,175,6:57,5:30,306,306,1.44,0,0,0,0,0,0:00,0,0:00,No,00:29.4,8,0,0:49:13,0:50:44,899,"1,024"
Running,6/6/2021 10:19,FALSE,Fairview Park Running,4.12,506,0:32:49,163,173,3.2,154,161,7:57,6:22,44,39,1.31,0,0,0,0,0,0:00,0,0:00,No,00:55.5,5,0,0:32:45,0:40:13,623,661
Running,6/5/2021 8:33,FALSE,Valley View Running,11.01,"1,132",1:14:06,166,188,4.4,159,166,6:44,5:53,81,78,1.5,0,0,0,0,0,0:00,0,0:00,No,00:01.7,12,0,1:14:03,1:21:23,594,632
Running,6/4/2021 8:19,FALSE,North Olmsted Running,5.97,662,0:45:05,158,172,3.3,158,175,7:33,6:35,172,172,1.35,0,0,0,0,0,0:00,0,0:00,No,06:53.8,6,0,0:45:04,0:46:29,656,771
Running,6/3/2021 14:41,FALSE,Middleburg Heights Running,8.01,833,0:57:44,158,176,3.4,155,166,7:13,6:30,251,241,1.44,0,0,0,0,0,0:00,0,0:00,No,00:03.2,9,0,0:57:41,0:59:53,779,913
Running,6/2/2021 17:51,FALSE,Fairview Park Running,8.78,937,1:00:01,166,186,4.3,159,167,6:50,5:57,53,50,1.48,0,0,0,0,0,0:00,0,0:00,No,05:22.0,9,0,0:59:59,1:00:40,623,677
Running,6/1/2021 7:56,FALSE,Fairview Park Running,6.12,612,0:43:45,153,178,3.2,157,162,7:09,6:16,25,21,1.44,0,0,0,0,0,0:00,0,0:00,No,00:45.5,7,0,0:43:41,0:45:56,623,659
Running,5/31/2021 10:01,FALSE,Fairview Park Running,7.46,762,0:55:01,153,176,3.4,155,163,7:22,6:21,46,43,1.41,0,0,0,0,0,0:00,0,0:00,No,03:12.8,8,0,0:54:58,0:55:23,623,665
Running,5/29/2021 10:50,FALSE,Valley View Running,11.02,"1,123",1:13:42,164,180,4.4,158,170,6:41,6:10,75,74,1.52,0,0,0,0,0,0:00,0,0:00,No,00:08.4,12,0,1:13:41,1:14:00,592,632
Running,5/28/2021 8:48,FALSE,Fairview Park Running,4.09,427,0:30:14,151,162,3.1,158,235,7:23,5:11,42,34,1.38,0,0,0,0,0,0:00,0,0:00,No,00:36.7,5,0,0:30:13,0:30:46,623,657
Running,5/27/2021 8:49,FALSE,Westlake Running,6.1,634,0:45:01,154,174,3.5,156,164,7:23,6:31,140,143,1.4,0,0,0,0,0,0:00,0,0:00,No,00:43.3,7,0,0:45:00,0:47:29,593,687
Running,5/26/2021 18:37,FALSE,Middleburg Heights Running,8.69,908,0:59:59,165,181,4.6,157,166,6:54,6:11,177,174,1.49,0,0,0,0,0,0:00,0,0:00,No,04:44.2,9,0,0:59:55,1:01:26,771,912
Running,5/25/2021 8:17,FALSE,Fairview Park Running,7.09,750,0:50:01,162,186,4.1,158,166,7:03,5:39,41,38,1.44,0,0,0,0,0,0:00,0,0:00,No,00:39.4,8,0,0:49:59,0:52:15,623,662
Running,5/24/2021 19:05,FALSE,Middleburg Heights Running,7.21,746,0:50:03,162,179,4.1,157,166,6:56,6:24,157,154,1.48,0,0,0,0,0,0:00,0,0:00,No,01:27.6,8,0,0:50:01,0:51:00,771,912
Running,5/23/2021 10:17,FALSE,Fairview Park Running,5.05,534,0:36:56,156,176,3.4,156,163,7:19,6:16,46,44,1.41,0,0,0,0,0,0:00,0,0:00,No,00:21.1,6,0,0:36:56,0:37:19,623,655
Running,5/19/2021 13:02,FALSE,Strongsville Running,6.01,712,0:44:53,165,184,4,155,177,7:28,6:49,103,95,1.39,0,0,0,0,0,0:00,0,0:00,No,00:01.9,7,0,0:44:52,0:49:31,780,869
Running,4/20/2021 15:35,FALSE,Oxford Running,6.57,530,0:45:49,150,184,3,164,194,6:58,4:17,28,13,1.39,0,0,0,0,0,0:00,0,0:00,No,00:03.4,21,0,0:43:12,1:23:55,772,804
Running,4/19/2021 15:14,FALSE,Butler County Running,5.74,557,0:43:49,143,152,2.6,156,170,7:38,5:57,111,106,1.35,0,0,0,0,0,0:00,0,0:00,No,05:25.7,6,0,0:43:47,0:45:39,772,888
Running,4/18/2021 9:38,FALSE,Oxford Running,7.46,806,1:00:10,149,171,2.7,157,188,8:04,5:48,184,245,1.27,0,0,0,0,0,0:00,0,0:00,No,03:21.5,8,0,1:00:02,1:03:41,772,888
Running,4/17/2021 19:36,FALSE,Richmond Running,2.23,274,0:18:26,149,165,2.4,154,161,8:17,7:40,94,103,1.26,0,0,0,0,0,0:00,0,0:00,No,01:50.2,3,0,0:18:24,0:20:32,913,"1,014"
Running,4/16/2021 15:13,FALSE,Butler County Running,3.78,397,0:28:06,146,167,2.4,155,170,7:26,6:15,17,19,1.39,0,0,0,0,0,0:00,0,0:00,No,05:39.2,4,0,0:28:05,0:28:33,773,801
Running,4/15/2021 15:13,FALSE,Butler County Running,6.13,580,0:40:15,150,176,3,160,185,6:34,4:27,46,43,1.53,0,0,0,0,0,0:00,0,0:00,No,00:05.6,16,0,0:40:12,0:43:02,770,801
Running,4/13/2021 15:19,FALSE,Butler County Running,8.16,953,1:10:04,157,191,3.5,158,214,8:35,3:45,44,45,1.16,0,0,0,0,0,0:00,0,0:00,No,00:28.7,24,0,0:58:41,1:45:13,772,801
Running,4/8/2021 15:14,FALSE,Butler County Running,3.36,324,0:24:18,146,184,2.3,156,228,7:13,5:44,25,19,1.43,0,0,0,0,0,0:00,0,0:00,No,02:36.4,4,0,0:24:17,0:28:30,772,802
Running,4/6/2021 15:20,FALSE,Butler County Running,8.8,873,1:00:39,166,196,4.2,160,247,6:54,4:31,77,80,1.43,0,0,0,0,0,0:00,0,0:00,No,00:12.0,26,0,0:58:55,1:28:32,772,801
Running,4/5/2021 15:11,FALSE,Butler County Running,7.13,790,0:55:33,153,186,3.2,157,174,7:47,6:52,155,157,1.32,0,0,0,0,0,0:00,0,0:00,No,00:56.0,8,0,0:55:32,0:57:47,772,898
Running,4/4/2021 11:42,FALSE,Strongsville Running,6.04,608,0:43:25,153,171,3,158,170,7:11,6:19,104,95,1.41,0,0,0,0,0,0:00,0,0:00,No,00:15.7,7,0,0:43:23,0:47:04,781,869
Running,4/3/2021 13:38,FALSE,Cincinnati Running,2.02,227,0:17:02,147,170,2.2,155,233,8:27,7:11,106,118,1.23,0,0,0,0,0,0:00,0,0:00,No,00:56.4,3,0,0:16:57,0:27:10,758,856
Running,4/2/2021 15:12,FALSE,Butler County Running,3.38,331,0:25:03,145,165,2.3,157,168,7:24,6:37,19,13,1.39,0,0,0,0,0,0:00,0,0:00,No,02:52.1,4,0,0:25:01,0:29:24,772,801
Running,4/1/2021 15:12,FALSE,Butler County Running,5.83,584,0:44:08,145,172,2.9,159,181,7:34,4:55,112,114,1.34,0,0,0,0,0,0:00,0,0:00,No,00:30.7,11,0,0:44:05,0:48:17,772,888
Running,3/31/2021 15:49,FALSE,Oxford Running,7.83,826,1:00:24,150,173,2.8,158,177,7:43,5:53,237,235,1.32,0,0,0,0,0,0:00,0,0:00,No,05:55.7,8,0,1:00:20,1:07:54,772,909
Running,3/30/2021 15:21,FALSE,Butler County Running,7.49,811,1:02:19,150,187,2.8,156,214,8:19,3:41,37,39,1.2,0,0,0,0,0,0:00,0,0:00,No,00:08.9,23,0,0:57:02,1:24:40,774,801
Running,3/29/2021 15:32,FALSE,Butler County Running,5.86,670,0:44:21,156,179,3.1,157,172,7:34,6:06,120,120,1.36,0,0,0,0,0,0:00,0,0:00,No,06:07.4,6,0,0:44:20,0:47:43,772,887
Running,3/28/2021 8:46,FALSE,Oxford Running,10.01,"1,098",1:18:53,152,178,3.1,157,177,7:53,6:24,325,326,1.3,0,0,0,0,0,0:00,0,0:00,No,00:01.8,11,0,1:18:49,1:41:50,772,958
Running,3/27/2021 17:08,FALSE,Oxford Running,6.04,597,0:42:03,150,168,3.1,157,163,6:58,6:05,50,50,1.47,0,0,0,0,0,0:00,0,0:00,No,00:14.3,7,0,0:42:01,0:46:01,771,807
Running,3/23/2021 15:15,FALSE,Butler County Running,7.81,836,0:59:43,152,171,3.2,156,233,7:39,3:06,64,64,1.31,0,0,0,0,0,0:00,0,0:00,No,00:04.2,25,0,0:58:23,1:19:42,774,801
Running,3/22/2021 15:17,FALSE,Butler County Running,7,716,0:51:26,149,167,3,155,162,7:21,6:45,84,79,1.42,0,0,0,0,0,0:00,0,0:00,No,00:00.7,8,0,0:51:24,0:54:25,772,812
Running,3/19/2021 15:20,FALSE,Butler County Running,4.07,393,0:30:06,143,172,2.4,156,164,7:23,6:36,16,20,1.4,0,0,0,0,0,0:00,0,0:00,No,00:33.7,5,0,0:30:04,0:34:43,772,799
Running,3/18/2021 15:11,FALSE,Butler County Running,7.5,843,0:57:18,157,181,3.4,157,230,7:38,3:22,33,31,1.33,0,0,0,0,0,0:00,0,0:00,No,00:25.8,17,0,0:55:01,1:19:48,772,804
Running,3/16/2021 15:22,FALSE,Butler County Running,9.6,968,1:04:17,158,182,3.7,161,193,6:42,4:25,43,43,1.47,0,0,0,0,0,0:00,0,0:00,No,00:58.3,23,0,1:03:46,1:37:21,774,802
Running,3/14/2021 9:17,FALSE,Butler County Running,7.01,710,0:47:40,155,175,3.3,159,168,6:48,6:17,62,56,1.49,0,0,0,0,0,0:00,0,0:00,No,00:02.2,8,0,0:47:38,0:58:15,772,812
Running,3/12/2021 14:45,FALSE,Butler County Running,4.43,436,0:28:41,156,183,3.2,160,175,6:28,5:06,110,114,1.55,0,0,0,0,0,0:00,0,0:00,No,00:03.7,6,0,0:28:39,0:34:53,772,889
Running,3/9/2021 15:23,FALSE,Butler County Running,8.17,760,1:01:55,145,176,2.4,158,200,7:34,4:04,50,50,1.32,0,0,0,0,0,0:00,0,0:00,No,00:02.6,25,0,0:58:49,2:00:48,771,804
Running,3/8/2021 15:23,FALSE,Butler County Running,7.01,743,0:49:18,154,177,3.3,157,164,7:02,6:28,82,85,1.46,0,0,0,0,0,0:00,0,0:00,No,00:03.1,8,0,0:49:18,0:52:10,770,824
Running,3/5/2021 15:24,FALSE,Butler County Running,10.02,959,1:04:00,157,177,3.5,164,222,6:23,3:08,128,126,1.53,0,0,0,0,0,0:00,0,0:00,No,00:16.8,27,0,1:03:54,1:23:07,772,814
Running,3/4/2021 15:13,FALSE,Butler County Running,7.16,740,0:51:34,151,174,3,157,166,7:12,6:32,143,139,1.43,0,0,0,0,0,0:00,0,0:00,No,01:11.5,8,0,0:51:33,0:58:35,772,913
Running,3/3/2021 15:59,FALSE,Oxford Running,7.01,705,0:48:58,151,166,3.1,158,202,6:59,3:53,115,116,1.45,0,0,0,0,0,0:00,0,0:00,No,00:02.6,8,0,0:48:55,0:50:42,771,894
Running,3/2/2021 15:11,FALSE,Butler County Running,9.86,"1,069",1:19:27,154,179,3.2,156,241,8:03,2:50,64,64,1.23,0,0,0,0,0,0:00,0,0:00,No,00:25.8,26,0,1:10:50,1:45:07,771,801
Running,3/1/2021 15:15,FALSE,Butler County Running,5.09,561,0:37:23,152,166,3,155,168,7:20,5:42,64,57,1.41,0,0,0,0,0,0:00,0,0:00,No,00:39.6,6,0,0:37:22,0:38:01,776,816
Running,2/27/2021 15:24,FALSE,Fairview Park Running,6.51,656,0:45:04,151,171,3,156,170,6:56,5:45,74,57,1.49,0,0,0,0,0,0:00,0,0:00,No,45:03.8,1,0,0:45:03,0:47:15,627,691
Running,2/25/2021 14:14,FALSE,Oxford Running,4.19,416,0:30:01,148,165,2.5,157,168,7:10,6:41,108,116,1.43,0,0,0,0,0,0:00,0,0:00,No,01:17.5,5,0,0:30:00,0:30:57,900,"1,013"
Running,2/23/2021 15:25,FALSE,Butler County Running,8.49,764,0:52:30,155,165,3.3,164,202,6:11,4:14,389,387,1.58,0,0,0,0,0,0:00,0,0:00,No,00:19.0,16,0,0:52:26,1:03:04,788,958
Running,2/22/2021 15:14,FALSE,Butler County Running,6.42,618,0:48:46,145,172,2.4,156,174,7:36,6:42,199,192,1.35,0,0,0,0,0,0:00,0,0:00,No,03:04.8,7,0,0:48:46,0:53:59,788,994
Treadmill Running,2/16/2021 11:55,FALSE,Treadmill Running,4.49,539,0:32:25,175,193,3.7,166,218,7:13,3:26,--,--,1.31,0,0,0,0,0,0:00,0,0:00,No,00:25.3,25,0,0:27:27,0:32:25,--,--
Running,2/14/2021 9:46,FALSE,Oxford Running,8.99,943,1:05:51,158,181,3.4,158,168,7:20,6:44,271,271,1.39,0,0,0,0,0,0:00,0,0:00,No,07:08.4,9,0,1:05:47,1:12:06,875,"1,040"
Running,2/11/2021 15:20,FALSE,Butler County Running,6.05,477,0:43:34,133,163,2.2,160,208,7:12,4:03,116,128,1.38,0,0,0,0,0,0:00,0,0:00,No,00:06.6,22,0,0:43:05,0:56:57,783,905
Running,2/9/2021 15:15,FALSE,Butler County Running,10.02,996,1:16:27,153,178,2.8,159,204,7:38,3:59,134,135,1.28,0,0,0,0,0,0:00,0,0:00,No,00:16.7,41,0,1:12:19,1:46:35,791,912
Running,2/8/2021 15:14,FALSE,Butler County Running,7.01,720,0:52:17,151,172,2.9,157,172,7:28,6:47,119,117,1.38,0,0,0,0,0,0:00,0,0:00,No,00:03.2,8,0,0:52:16,0:52:50,771,857
Running,2/6/2021 10:11,FALSE,Oxford Running,6.11,604,0:41:17,158,174,3.1,161,185,6:46,4:46,226,77,1.48,0,0,0,0,0,0:00,0,0:00,No,01:34.5,7,0,0:41:11,1:01:11,868,"1,029"
Running,2/4/2021 15:16,FALSE,Butler County Running,8.02,897,0:58:43,160,174,3.5,159,187,7:19,4:48,270,277,1.39,0,0,0,0,0,0:00,0,0:00,No,03:25.0,9,0,0:58:38,1:25:07,788,958
Running,2/3/2021 12:07,FALSE,Oxford Running,9.05,963,1:04:01,161,185,3.6,157,168,7:04,6:33,219,227,1.45,0,0,0,0,0,0:00,0,0:00,No,00:22.2,10,0,1:03:59,1:04:53,850,"1,040"
Running,2/2/2021 15:21,FALSE,Butler County Running,11.05,"1,113",1:16:42,159,194,3.9,163,206,6:56,3:45,440,444,1.41,0,0,0,0,0,0:00,0,0:00,No,00:04.6,38,0,1:14:45,1:33:45,793,974
Running,2/1/2021 15:16,FALSE,Butler County Running,6.25,645,0:46:46,152,170,2.7,157,221,7:29,6:55,84,82,1.38,0,0,0,0,0,0:00,0,0:00,No,01:51.1,7,0,0:46:43,0:48:23,772,872
Running,1/31/2021 9:54,FALSE,Oxford Running,12.01,"1,258",1:28:48,157,174,3.4,157,176,7:23,5:19,440,441,1.39,0,0,0,0,0,0:00,0,0:00,No,00:06.5,13,0,1:28:44,1:34:22,840,"1,028"
Running,1/29/2021 15:15,FALSE,Butler County Running,9.71,"1,138",1:16:13,160,186,3.5,161,236,7:51,3:43,40,50,1.24,0,0,0,0,0,0:00,0,0:00,No,01:08.6,30,0,1:13:16,1:53:52,772,804
Running,1/28/2021 15:12,FALSE,Butler County Running,5.25,643,0:41:48,154,175,3.1,158,175,7:57,6:11,36,43,1.28,0,0,0,0,0,0:00,0,0:00,No,01:53.0,6,0,0:41:47,0:43:26,778,804
Running,1/27/2021 15:04,FALSE,Oxford Running,4.01,372,0:29:17,138,154,2.1,156,166,7:18,6:45,135,145,1.41,0,0,0,0,0,0:00,0,0:00,No,00:03.9,5,0,0:29:15,0:33:06,787,923
Running,1/26/2021 15:35,FALSE,Butler County Running,10.17,976,1:18:40,146,178,2.6,159,232,7:44,4:01,76,73,1.27,0,0,0,0,0,0:00,0,0:00,No,00:15.7,35,0,1:16:42,1:45:52,772,804
Running,1/25/2021 15:12,FALSE,Butler County Running,7.04,691,0:48:18,149,170,3,160,168,6:52,6:19,110,112,1.47,0,0,0,0,0,0:00,0,0:00,No,00:14.9,8,0,0:48:16,0:48:22,771,862
Running,1/22/2021 12:05,FALSE,Oxford Running,5.01,465,0:35:26,143,182,2.3,158,168,7:04,6:12,218,223,1.44,0,0,0,0,0,0:00,0,0:00,No,00:03.5,6,0,0:35:24,0:45:19,805,971
Running,1/21/2021 11:49,FALSE,Butler County Running,9.3,755,1:02:40,143,169,2.2,164,196,6:44,4:29,234,233,1.44,0,0,0,0,0,0:00,0,0:00,No,00:08.8,21,0,0:59:24,1:23:56,774,855
Running,1/20/2021 11:19,FALSE,Oxford Running,6.01,665,0:43:13,156,173,3.2,158,166,7:12,6:41,214,230,1.42,0,0,0,0,0,0:00,0,0:00,No,00:04.1,7,0,0:43:09,0:48:31,777,958
Running,1/19/2021 11:22,FALSE,Butler County Running,8.82,"1,014",1:11:50,156,187,3.2,160,211,8:09,4:11,39,40,1.2,0,0,0,0,0,0:00,0,0:00,No,00:03.4,25,0,1:09:40,1:37:16,774,804
Running,1/18/2021 12:00,FALSE,Butler County Running,6.03,681,0:41:58,161,174,3.4,159,173,6:58,6:32,167,161,1.46,0,0,0,0,0,0:00,0,0:00,No,00:11.1,7,0,0:41:56,0:42:03,774,853
Running,1/17/2021 9:41,FALSE,Union County Running,12.86,"1,312",1:29:36,157,175,3.5,159,170,6:58,6:26,473,473,1.46,0,0,0,0,0,0:00,0,0:00,No,05:47.8,13,0,1:29:33,1:46:03,929,"1,070"
Running,1/15/2021 11:46,FALSE,Butler County Running,8.96,703,1:00:32,138,160,2.2,162,203,6:45,4:03,506,496,1.47,0,0,0,0,0,0:00,0,0:00,No,05:47.2,9,0,1:00:26,1:19:40,800,981
Running,1/12/2021 12:06,FALSE,Butler County Running,8.66,809,0:54:27,157,179,3.3,165,193,6:17,4:48,157,154,1.55,0,0,0,0,0,0:00,0,0:00,No,00:19.9,18,0,0:54:20,1:05:59,771,889
Running,1/11/2021 12:03,FALSE,Butler County Running,8.63,928,1:01:24,158,180,3.4,157,166,7:07,6:26,98,106,1.44,0,0,0,0,0,0:00,0,0:00,No,04:23.6,9,0,1:01:22,1:02:35,771,864
Running,1/10/2021 10:56,FALSE,Union County Running,12.01,"1,190",1:24:51,156,174,3.1,160,178,7:04,5:46,466,466,1.43,0,0,0,0,0,0:00,0,0:00,No,00:02.7,13,0,1:24:43,1:36:39,929,"1,070"
Running,1/9/2021 10:11,FALSE,Oxford Running,9.47,935,1:07:49,154,184,3.2,160,201,7:10,4:29,96,110,1.39,0,0,0,0,0,0:00,0,0:00,No,00:03.7,23,0,1:05:44,1:40:26,774,866
Running,1/8/2021 16:19,FALSE,Oxford Running,4.01,412,0:28:55,151,172,2.8,156,166,7:13,6:27,138,146,1.43,0,0,0,0,0,0:00,0,0:00,No,00:03.1,5,0,0:28:53,0:31:29,793,923
Running,1/7/2021 8:39,FALSE,Fairview Park Running,8.02,640,0:58:01,142,152,2.2,159,227,7:14,4:07,13,13,1.38,0,0,0,0,0,0:00,0,0:00,No,00:47.4,22,0,0:57:20,1:31:01,738,756
Running,1/6/2021 9:12,FALSE,Fairview Park Running,8.36,879,1:00:39,158,180,3.5,160,172,7:15,6:26,73,61,1.39,0,0,0,0,0,0:00,0,0:00,No,02:22.9,9,0,1:00:36,1:01:25,623,666
Running,1/5/2021 9:14,FALSE,Strongsville Running,10.03,880,1:08:19,150,175,3.2,161,181,6:49,5:12,177,195,1.46,0,0,0,0,0,0:00,0,0:00,No,00:03.1,20,0,1:07:16,1:23:59,889,958
Running,1/4/2021 9:13,FALSE,North Olmsted Running,8.04,863,0:59:30,159,180,3.6,158,175,7:24,6:02,191,191,1.37,0,0,0,0,0,0:00,0,0:00,No,00:18.0,9,0,0:59:28,1:03:16,649,780
Running,1/3/2021 8:01,FALSE,North Royalton Running,4.03,450,0:29:34,160,179,3.2,156,235,7:20,6:13,305,305,1.41,0,0,0,0,0,0:00,0,0:00,No,00:14.5,5,0,0:29:32,0:31:02,832,"1,148"
Running,1/2/2021 9:12,FALSE,Valley View Running,11.01,"1,136",1:16:51,162,206,4.1,157,168,6:59,6:19,249,238,1.47,0,0,0,0,0,0:00,0,0:00,No,00:03.5,12,0,1:16:49,1:19:28,594,683
Running,12/31/2020 11:45,FALSE,Middleburg Heights Running,7.31,742,0:50:35,161,181,3.7,158,168,6:55,6:14,196,198,1.47,0,0,0,0,0,0:00,0,0:00,No,01:54.3,8,0,0:50:34,0:51:38,771,912
Running,12/28/2020 10:12,FALSE,Fairview Park Running,6.07,677,0:45:14,162,177,3.7,156,168,7:27,6:43,161,161,1.38,0,0,0,0,0,0:00,0,0:00,No,00:28.1,7,0,0:45:13,0:50:36,598,664
Running,12/27/2020 9:43,FALSE,Valley View Running,9.07,969,1:05:54,161,177,4,160,170,7:16,6:45,162,148,1.39,0,0,0,0,0,0:00,0,0:00,No,00:28.8,10,0,1:05:53,1:08:04,594,655
Running,12/24/2020 9:12,FALSE,Fairview Park Running,7.02,723,0:52:58,153,172,3.3,156,170,7:32,7:04,62,57,1.37,0,0,0,0,0,0:00,0,0:00,No,00:09.3,8,0,0:52:56,0:55:48,623,671
Running,12/23/2020 10:09,FALSE,Fairview Park Running,6.15,692,0:47:08,156,181,3.4,158,170,7:40,6:45,28,28,1.33,0,0,0,0,0,0:00,0,0:00,No,01:07.1,7,0,0:47:06,0:51:38,623,659
Running,12/22/2020 12:12,FALSE,Middleburg Heights Running,5.04,496,0:35:23,151,163,3.2,159,171,7:02,6:31,170,159,1.44,0,0,0,0,0,0:00,0,0:00,No,00:14.9,6,0,0:35:20,0:40:00,809,931
Running,12/21/2020 9:18,FALSE,Broadview Heights Running,5.08,522,0:36:27,154,163,3.4,157,166,7:11,6:52,212,221,1.42,0,0,0,0,0,0:00,0,0:00,No,00:32.8,6,0,0:36:26,0:36:33,825,"1,022"
Running,12/19/2020 9:05,FALSE,Fairview Park Running,7.09,739,0:50:35,159,177,3.8,160,173,7:08,6:33,35,31,1.41,0,0,0,0,0,0:00,0,0:00,No,00:35.8,8,0,0:50:35,0:51:50,623,662
Running,12/18/2020 16:07,FALSE,Fairview Park Running,5.05,466,0:36:49,145,174,3.1,158,170,7:18,6:51,49,52,1.4,0,0,0,0,0,0:00,0,0:00,No,00:18.8,6,0,0:36:45,0:41:16,623,661
Running,12/16/2020 12:30,FALSE,North Olmsted Running,5.01,541,0:36:59,158,188,3.5,159,197,7:22,6:44,135,125,1.38,0,0,0,0,0,0:00,0,0:00,No,00:05.0,6,0,0:36:57,0:40:24,657,728
Running,12/14/2020 9:56,FALSE,Strongsville Running,4.29,481,0:30:03,168,181,3.6,159,169,7:00,6:37,39,33,1.45,0,0,0,0,0,0:00,0,0:00,No,02:10.0,5,0,0:30:01,0:30:58,778,817
Running,12/6/2020 9:56,FALSE,Willoughby Hills Running,4.46,496,0:35:27,149,185,3.1,160,193,7:57,5:32,207,216,1.27,0,0,0,0,0,0:00,0,0:00,No,03:05.0,5,0,0:35:27,0:42:49,679,889
Running,12/4/2020 15:47,FALSE,Fairview Park Running,5.38,623,0:40:01,159,171,3.5,156,164,7:26,6:42,136,143,1.39,0,0,0,0,0,0:00,0,0:00,No,02:48.1,6,0,0:40:00,0:43:09,604,674
Running,12/2/2020 15:36,FALSE,Fairview Park Running,6.14,669,0:45:16,153,174,3.1,157,170,7:22,6:48,70,68,1.39,0,0,0,0,0,0:00,0,0:00,No,01:01.2,7,0,0:45:14,0:47:49,631,692
Running,11/16/2020 7:40,FALSE,Butler County Running,4.94,543,0:37:17,150,170,2.9,158,173,7:33,6:51,14,16,1.35,0,0,0,0,0,0:00,0,0:00,No,06:58.1,5,0,0:37:16,0:41:49,772,799
Running,11/10/2020 7:30,FALSE,Butler County Running,10.03,995,1:02:58,165,195,4.1,165,197,6:16,4:21,432,417,1.54,0,0,0,0,0,0:00,0,0:00,No,00:09.9,14,0,1:02:41,1:35:05,794,"1,013"
Running,11/9/2020 7:42,FALSE,Butler County Running,6.01,564,0:43:30,141,158,2.2,157,168,7:15,6:33,59,52,1.41,0,0,0,0,0,0:00,0,0:00,No,00:02.4,7,0,0:43:29,0:44:15,771,835
Running,11/8/2020 8:40,FALSE,Butler County Running,13.01,"1,304",1:30:34,153,170,3,160,176,6:58,6:07,422,414,1.45,0,0,0,0,0,0:00,0,0:00,No,00:03.3,14,0,1:30:31,1:31:41,788,"1,028"
Running,11/7/2020 16:03,FALSE,Bowling Green Running,2.25,225,0:17:37,134,142,1.7,157,164,7:51,6:28,--,3,1.3,0,0,0,0,0,0:00,0,0:00,No,01:55.1,3,0,0:17:37,0:19:01,666,673
Running,11/6/2020 7:49,FALSE,Butler County Running,5.12,484,0:36:36,141,167,2.2,159,170,7:09,6:33,18,15,1.41,0,0,0,0,0,0:00,0,0:00,No,00:47.9,6,0,0:36:36,0:36:49,772,801
Running,11/5/2020 16:04,FALSE,Oxford Running,3.01,288,0:21:15,140,164,2,160,168,7:03,6:38,132,133,1.43,0,0,0,0,0,0:00,0,0:00,No,00:05.2,4,0,0:21:13,0:23:42,880,958
Running,11/5/2020 8:09,FALSE,Butler County Running,6.53,618,0:46:37,143,166,2.3,159,174,7:08,6:28,54,51,1.42,0,0,0,0,0,0:00,0,0:00,No,03:35.7,7,0,0:46:36,0:48:03,770,804
Running,11/4/2020 16:08,FALSE,Oxford Running,3.19,311,0:22:05,145,161,2.1,160,168,6:56,6:28,69,73,1.45,0,0,0,0,0,0:00,0,0:00,No,01:16.7,4,0,0:22:04,0:22:23,873,922
Running,11/4/2020 8:23,FALSE,Butler County Running,3.05,309,0:24:14,141,172,2,155,199,7:56,4:08,4,3,1.22,0,0,0,0,0,0:00,0,0:00,No,00:03.6,26,0,0:22:52,0:30:03,791,801
Running,11/2/2020 7:23,FALSE,Oxford Running,10.01,973,1:07:48,153,183,3.1,163,195,6:47,4:27,150,168,1.43,0,0,0,0,0,0:00,0,0:00,No,00:00.9,24,0,1:04:28,1:39:24,879,935
Running,11/1/2020 8:46,FALSE,Butler County Running,11.01,"1,163",1:13:47,161,179,3.4,161,173,6:42,6:16,152,144,1.49,0,0,0,0,0,0:00,0,0:00,No,00:05.2,12,0,1:13:43,1:16:38,770,889
Running,10/29/2020 14:22,FALSE,Oxford Running,3.02,255,0:21:30,133,171,2.1,159,175,7:08,6:36,134,140,1.42,0,0,0,0,0,0:00,0,0:00,No,00:06.8,4,0,0:21:25,0:22:57,875,958
Running,10/28/2020 17:43,FALSE,Oxford Running,5.67,548,0:41:05,145,168,2.3,157,178,7:15,6:48,273,282,1.42,0,0,0,0,0,0:00,0,0:00,No,04:53.2,6,0,0:41:02,0:43:52,788,977
Running,10/27/2020 7:41,FALSE,Butler County Running,9.03,996,1:06:45,156,195,3.3,164,204,7:23,4:11,138,139,1.28,0,0,0,0,0,0:00,0,0:00,No,00:14.0,21,0,0:59:06,1:38:56,774,854
Running,10/26/2020 7:44,FALSE,Butler County Running,7.1,642,0:51:42,140,170,2.2,158,224,7:17,5:36,105,107,1.4,0,0,0,0,0,0:00,0,0:00,No,00:42.5,8,0,0:51:41,1:00:11,771,856
Running,10/25/2020 8:53,FALSE,Butler County Running,14.02,"1,254",1:37:28,147,168,2.7,160,173,6:57,5:48,545,548,1.45,0,0,0,0,0,0:00,0,0:00,No,00:05.8,15,0,1:37:22,1:44:38,788,"1,040"
Running,10/24/2020 14:27,FALSE,Oxford Running,3.14,342,0:21:37,153,161,2.6,159,167,6:54,6:20,127,140,1.47,0,0,0,0,0,0:00,0,0:00,No,00:54.2,4,0,0:21:36,0:22:31,873,958
Running,10/23/2020 7:31,FALSE,Butler County Running,11.05,"1,011",1:10:22,159,194,4.1,165,195,6:22,4:25,114,109,1.51,0,0,0,0,0,0:00,0,0:00,No,00:27.1,44,0,1:10:07,1:36:49,772,801
Running,10/21/2020 11:09,FALSE,Oxford Running,10.01,"1,046",1:09:52,154,189,3.3,159,166,6:59,6:28,174,191,1.45,0,0,0,0,0,0:00,0,0:00,No,00:02.7,11,0,1:09:49,1:10:04,769,923
Running,10/20/2020 7:34,FALSE,Butler County Running,10.05,879,1:07:24,146,179,2.5,165,209,6:42,4:00,68,71,1.42,0,0,0,0,0,0:00,0,0:00,No,00:09.3,28,0,1:03:56,1:43:25,774,804
Running,10/19/2020 7:35,FALSE,Butler County Running,8,824,0:58:33,149,172,2.6,158,173,7:19,6:36,118,121,1.39,0,0,0,0,0,0:00,0,0:00,No,00:02.2,9,0,0:58:30,1:01:37,770,865
Running,10/18/2020 8:46,FALSE,Butler County Running,14.01,"1,334",1:38:36,152,179,2.9,158,171,7:02,5:42,218,215,1.44,0,0,0,0,0,0:00,0,0:00,No,00:02.5,15,0,1:38:32,1:44:40,770,874
Running,10/17/2020 14:41,FALSE,Oxford Running,5.01,511,0:35:35,144,164,2.5,158,168,7:06,6:32,227,216,1.43,0,0,0,0,0,0:00,0,0:00,No,00:04.4,6,0,0:35:33,0:37:27,788,958
Running,10/16/2020 7:32,FALSE,Butler County Running,9.06,888,1:00:21,150,188,3.2,165,216,6:40,4:05,554,553,1.45,0,0,0,0,0,0:00,0,0:00,No,00:19.7,13,0,1:00:18,1:34:14,791,892
Running,10/15/2020 15:02,FALSE,Oxford Running,3.04,303,0:21:35,141,162,2,158,174,7:06,6:37,133,142,1.44,0,0,0,0,0,0:00,0,0:00,No,00:17.0,4,0,0:21:28,0:24:22,876,958
Running,10/15/2020 7:46,FALSE,Butler County Running,7.25,722,0:49:44,146,170,2.6,160,204,6:51,3:55,67,67,1.46,0,0,0,0,0,0:00,0,0:00,No,00:29.9,16,0,0:49:41,0:56:32,770,801
Running,10/14/2020 9:54,FALSE,Oxford Running,10.01,766,1:07:35,136,141,2.2,159,173,6:45,5:52,391,393,1.5,0,0,0,0,0,0:00,0,0:00,No,00:02.7,11,0,1:07:32,1:12:30,838,"1,028"
Running,10/13/2020 7:34,FALSE,Butler County Running,10.31,716,1:07:23,134,158,2.1,168,191,6:32,4:36,166,156,1.45,0,0,0,0,0,0:00,0,0:00,No,01:10.5,20,0,1:02:52,1:44:43,774,814
Running,10/12/2020 15:46,FALSE,Oxford Running,4.01,375,0:27:53,141,163,2.1,158,165,6:57,6:28,124,129,1.46,0,0,0,0,0,0:00,0,0:00,No,00:03.2,5,0,0:27:52,0:28:23,786,922
Running,10/12/2020 7:43,FALSE,Butler County Running,6.67,639,0:52:28,138,160,2.1,158,174,7:52,6:06,117,113,1.3,0,0,0,0,0,0:00,0,0:00,No,04:16.3,7,0,0:52:26,0:54:37,771,888
Running,10/11/2020 8:45,FALSE,Butler County Running,15.07,"1,425",1:42:58,152,172,2.9,160,175,6:50,6:05,521,524,1.47,0,0,0,0,0,0:00,0,0:00,No,00:26.4,16,0,1:42:56,1:49:35,772,"1,028"
Running,10/9/2020 7:26,FALSE,Butler County Running,10.94,965,1:07:36,158,183,3.8,166,187,6:11,5:05,482,475,1.56,0,0,0,0,0,0:00,0,0:00,No,05:14.4,11,0,1:07:33,1:39:33,793,"1,014"
Running,10/8/2020 7:53,FALSE,Butler County Running,8.41,785,1:00:02,144,179,2.5,156,171,7:08,5:56,105,97,1.43,0,0,0,0,0,0:00,0,0:00,No,02:46.0,9,0,1:00:00,1:03:17,770,864
Running,10/7/2020 9:28,FALSE,Oxford Running,9.31,857,1:05:06,146,167,2.5,159,170,7:00,6:34,255,263,1.45,0,0,0,0,0,0:00,0,0:00,No,02:01.5,10,0,1:05:03,1:05:42,848,"1,030"
Running,10/6/2020 7:34,FALSE,Butler County Running,11.69,"1,064",1:16:06,152,176,3.1,164,205,6:30,4:06,139,143,1.48,0,0,0,0,0,0:00,0,0:00,No,00:05.2,21,0,1:14:50,1:50:56,771,811
Running,10/5/2020 8:20,FALSE,Oxford Running,8.4,745,1:00:03,142,173,2.3,158,170,7:09,6:36,250,258,1.42,0,0,0,0,0,0:00,0,0:00,No,02:46.6,9,0,1:00:02,1:00:56,771,958
Running,10/4/2020 12:02,FALSE,Oxford Running,4.3,458,0:30:07,151,172,2.8,158,164,7:00,6:38,143,158,1.45,0,0,0,0,0,0:00,0,0:00,No,02:02.4,5,0,0:30:06,0:30:33,781,923
Running,10/3/2020 8:43,FALSE,Union County Running,14.09,"1,338",1:33:29,155,178,3.1,161,173,6:38,5:21,394,394,1.51,0,0,0,0,0,0:00,0,0:00,No,00:28.4,15,0,1:33:26,1:34:46,929,"1,070"
Running,10/2/2020 8:09,FALSE,Oxford Running,10.64,"1,071",1:07:14,164,184,3.9,163,185,6:19,4:39,210,196,1.55,0,0,0,0,0,0:00,0,0:00,No,00:59.8,21,0,1:07:09,1:22:57,899,"1,040"
Running,10/1/2020 15:44,FALSE,Oxford Running,8.47,771,1:00:05,144,174,2.6,157,168,7:06,6:29,232,251,1.44,0,0,0,0,0,0:00,0,0:00,No,03:09.7,9,0,1:00:03,1:07:29,772,958
Running,9/30/2020 8:29,FALSE,Oxford Running,9.4,868,1:05:01,149,168,3,160,174,6:55,6:22,230,226,1.46,0,0,0,0,0,0:00,0,0:00,No,02:38.7,10,0,1:05:00,1:11:30,770,936
Running,9/29/2020 8:04,FALSE,Oxford Running,8.01,633,0:47:16,150,170,2.8,167,189,5:54,4:37,20,25,1.62,0,0,0,0,0,0:00,0,0:00,No,00:05.6,13,0,0:46:49,1:22:50,879,889
Running,9/28/2020 19:21,FALSE,Oxford Running,6.12,752,0:46:04,163,170,3.6,155,166,7:31,6:42,200,207,1.38,0,0,0,0,0,0:00,0,0:00,No,00:54.7,7,0,0:46:02,0:46:30,788,958
Running,9/28/2020 11:21,FALSE,Oxford Running,3.17,345,0:22:21,154,163,2.7,157,164,7:03,6:36,143,156,1.45,0,0,0,0,0,0:00,0,0:00,No,01:11.0,4,0,0:22:21,0:24:12,799,922
Running,9/26/2020 11:53,FALSE,Greene County Running,1.99,224,0:15:28,146,161,2.1,156,163,7:46,6:58,4,--,1.33,0,0,0,0,0,0:00,0,0:00,No,07:16.2,2,0,0:15:25,0:20:23,"1,050","1,070"
Running,9/25/2020 14:55,FALSE,Oxford Running,6.01,615,0:43:58,148,168,2.7,156,163,7:19,6:33,211,221,1.41,0,0,0,0,0,0:00,0,0:00,No,00:04.6,7,0,0:43:57,0:45:35,771,923
Running,9/24/2020 8:09,FALSE,Oxford Running,8.38,902,1:00:09,154,171,3,158,166,7:11,6:25,144,149,1.42,0,0,0,0,0,0:00,0,0:00,No,02:32.2,9,0,1:00:07,1:02:23,772,913
Running,9/23/2020 18:08,FALSE,Oxford Running,11.07,"1,153",1:10:02,166,189,4.2,163,179,6:20,5:00,298,311,1.56,0,0,0,0,0,0:00,0,0:00,No,01:00.3,29,0,1:09:53,1:16:08,775,958
Running,9/22/2020 13:40,FALSE,Middleburg Heights Running,10.1,989,1:10:01,151,173,3,158,170,6:56,6:18,166,163,1.47,0,0,0,0,0,0:00,0,0:00,No,00:36.5,11,0,1:09:56,1:17:37,771,913
Running,9/21/2020 8:44,FALSE,Oxford Running,8.44,790,1:00:01,145,151,2.5,157,166,7:07,6:35,244,256,1.44,0,0,0,0,0,0:00,0,0:00,No,03:03.1,9,0,0:59:59,1:02:19,772,958
Running,9/20/2020 8:51,FALSE,Butler County Running,4.13,421,0:30:09,147,179,2.4,158,170,7:18,6:49,39,45,1.39,0,0,0,0,0,0:00,0,0:00,No,00:52.7,5,0,0:30:07,0:32:47,771,797
Running,9/19/2020 9:43,FALSE,Union County Running,14.01,"1,358",1:35:12,156,180,3.2,161,172,6:48,5:56,492,492,1.47,0,0,0,0,0,0:00,0,0:00,No,00:03.2,15,0,1:35:09,1:40:40,929,"1,070"
Running,9/18/2020 8:09,FALSE,Oxford Running,10.02,903,1:03:48,157,193,3.6,165,199,6:22,4:19,183,182,1.51,0,0,0,0,0,0:00,0,0:00,No,00:02.1,20,0,1:02:42,1:52:11,771,895
Running,9/17/2020 8:21,FALSE,Oxford Running,8.41,844,1:00:06,150,167,3,157,191,7:09,6:28,204,214,1.44,0,0,0,0,0,0:00,0,0:00,No,02:52.8,9,0,1:00:05,1:00:10,770,958
Running,9/16/2020 8:06,FALSE,Oxford Running,9.18,883,1:06:05,149,166,2.6,156,168,7:12,6:36,199,178,1.43,0,0,0,0,0,0:00,0,0:00,No,01:13.0,10,0,1:06:04,1:12:14,771,913
Running,9/15/2020 8:09,FALSE,Oxford Running,11.55,"1,003",1:13:19,161,190,3.9,162,185,6:21,4:59,241,234,1.55,0,0,0,0,0,0:00,0,0:00,No,00:40.4,17,0,1:13:14,1:39:34,867,"1,033"
Running,9/14/2020 8:34,FALSE,Oxford Running,8.41,869,1:00:03,155,172,3.1,159,168,7:09,6:29,234,242,1.42,0,0,0,0,0,0:00,0,0:00,No,02:44.1,9,0,1:00:00,1:01:49,772,958
Running,9/13/2020 18:46,FALSE,Oxford Running,4.14,458,0:30:21,154,165,3,158,165,7:20,6:47,140,163,1.39,0,0,0,0,0,0:00,0,0:00,No,00:58.6,5,0,0:30:18,0:31:18,865,967
Running,9/12/2020 7:23,FALSE,Union County Running,12.01,"1,233",1:17:12,168,189,4.6,163,175,6:26,5:18,367,367,1.53,0,0,0,0,0,0:00,0,0:00,No,00:04.3,13,0,1:17:09,1:19:17,929,"1,070"
Running,9/11/2020 8:06,FALSE,Oxford Running,9.03,877,1:02:41,159,196,3.4,160,209,6:56,4:03,485,449,1.45,0,0,0,0,0,0:00,0,0:00,No,02:35.6,12,0,1:02:40,1:22:57,814,958
Running,9/10/2020 8:10,FALSE,Oxford Running,8.46,834,1:00:03,154,173,3.2,158,166,7:06,6:24,243,246,1.43,0,0,0,0,0,0:00,0,0:00,No,03:08.3,9,0,1:00:02,1:00:25,772,958
Running,9/9/2020 16:15,FALSE,Oxford Running,4.37,433,0:30:25,157,176,3,157,166,6:58,6:36,136,141,1.47,0,0,0,0,0,0:00,0,0:00,No,02:33.3,5,0,0:30:24,0:32:00,848,958
Running,9/9/2020 10:22,FALSE,Oxford Running,4.23,491,0:33:16,157,176,3.2,157,170,7:52,6:38,127,136,1.31,0,0,0,0,0,0:00,0,0:00,No,02:06.2,5,0,0:33:15,0:33:20,771,900
Running,9/8/2020 9:21,FALSE,Oxford Running,6.9,692,0:47:08,161,187,3.5,160,202,6:50,4:50,193,184,1.47,0,0,0,0,0,0:00,0,0:00,No,05:56.6,7,0,0:47:05,0:52:46,770,937
Running,9/7/2020 10:56,FALSE,Oxford Running,8.56,892,1:00:04,163,170,3.9,159,168,7:01,6:13,352,341,1.44,0,0,0,0,0,0:00,0,0:00,No,03:48.4,9,0,1:00:01,1:06:54,772,971
Running,9/5/2020 12:59,FALSE,Oxford Running,10.02,"1,015",1:08:08,164,170,4.3,158,171,6:48,5:53,178,190,1.5,0,0,0,0,0,0:00,0,0:00,No,00:04.1,11,0,1:08:06,1:12:42,906,"1,030"
Running,9/2/2020 9:42,FALSE,Oxford Running,6.59,705,0:46:44,167,185,3.9,158,166,7:05,6:33,239,250,1.44,0,0,0,0,0,0:00,0,0:00,No,03:58.5,7,0,0:46:41,0:52:36,772,958
Running,8/31/2020 14:20,FALSE,Oxford Running,4.05,583,0:29:12,187,197,4.8,155,168,7:12,6:54,110,123,1.44,0,0,0,0,0,0:00,0,0:00,No,00:21.2,5,0,0:29:11,0:30:44,906,"1,030"
Running,8/24/2020 9:16,FALSE,Oxford Running,8.35,918,1:00:01,154,176,3.5,157,168,7:11,6:34,222,234,1.43,0,0,0,0,0,0:00,0,0:00,No,02:27.6,9,0,0:59:58,1:05:01,772,958
Running,8/22/2020 8:49,FALSE,Oxford Running,12.01,"1,263",1:22:51,155,175,3.8,159,175,6:54,6:15,517,528,1.47,0,0,0,0,0,0:00,0,0:00,No,00:03.8,13,0,1:22:47,1:23:37,791,983
Running,8/21/2020 8:31,FALSE,Oxford Running,8.6,900,0:57:02,161,191,3.9,162,231,6:38,4:06,67,82,1.48,0,0,0,0,0,0:00,0,0:00,No,00:39.1,19,0,0:56:57,1:04:11,860,924
Running,8/20/2020 8:06,FALSE,Oxford Running,8.07,854,0:58:24,150,165,3.2,157,191,7:14,4:46,198,178,1.41,0,0,0,0,0,0:00,0,0:00,No,00:15.6,14,0,0:58:21,1:04:44,772,912
Running,8/19/2020 13:40,FALSE,Oxford Running,9.01,966,1:04:55,151,173,3.3,155,164,7:13,6:31,202,213,1.44,0,0,0,0,0,0:00,0,0:00,No,00:03.0,10,0,1:04:51,1:13:06,772,923
Running,8/18/2020 7:10,FALSE,Oxford Running,9.25,902,1:00:25,156,188,3.5,160,190,6:32,4:47,156,167,1.52,0,0,0,0,0,0:00,0,0:00,No,00:04.2,18,0,1:00:21,1:02:44,771,925
Running,8/17/2020 8:06,FALSE,Oxford Running,8.42,801,1:00:21,144,162,2.9,158,173,7:10,5:32,181,180,1.42,0,0,0,0,0,0:00,0,0:00,No,02:52.0,9,0,1:00:18,1:02:05,770,913
Running,8/16/2020 14:06,FALSE,Oxford Running,6.04,631,0:43:20,150,166,3.1,156,163,7:11,6:36,218,235,1.43,0,0,0,0,0,0:00,0,0:00,No,00:15.7,7,0,0:43:16,0:45:36,774,958
Running,8/15/2020 8:12,FALSE,Middleburg Heights Running,15.01,"1,514",1:37:45,161,186,4.9,160,179,6:31,5:35,300,304,1.54,0,0,0,0,0,0:00,0,0:00,No,00:02.7,16,0,1:37:38,1:40:45,749,912
Running,8/14/2020 9:46,FALSE,Medina County Running,9.02,990,1:02:31,161,179,4.2,161,181,6:56,5:59,430,451,1.44,0,0,0,0,0,0:00,0,0:00,No,00:05.7,10,0,1:02:29,1:03:25,899,"1,081"
Running,8/13/2020 7:56,FALSE,Fairview Park Running,8.23,766,1:00:22,142,162,2.8,157,168,7:20,6:28,92,92,1.4,0,0,0,0,0,0:00,0,0:00,No,01:32.9,9,0,1:00:19,1:02:44,623,671
Running,8/12/2020 17:53,FALSE,Fairview Park Running,10,"1,053",1:09:49,155,195,4.2,159,183,6:59,4:37,68,65,1.45,0,0,0,0,0,0:00,0,0:00,No,05:03.6,10,0,1:09:46,1:15:45,623,667
Running,8/11/2020 9:41,FALSE,Strongsville Running,9.01,884,0:59:04,155,192,4,160,179,6:33,4:42,139,156,1.53,0,0,0,0,0,0:00,0,0:00,No,00:03.3,15,0,0:58:57,1:15:51,889,958
Running,8/10/2020 9:15,FALSE,North Olmsted Running,8.12,931,1:00:14,155,176,3.9,157,175,7:25,6:24,270,274,1.38,0,0,0,0,0,0:00,0,0:00,No,00:47.1,9,0,1:00:10,1:05:28,650,779
Running,8/9/2020 9:12,FALSE,Fairview Park Running,5.11,542,0:38:05,144,159,3,157,164,7:27,6:38,53,50,1.38,0,0,0,0,0,0:00,0,0:00,No,00:46.8,6,0,0:38:02,0:39:11,623,656
Running,8/8/2020 8:56,FALSE,Valley View Running,14.01,"1,476",1:35:44,156,177,4.4,158,166,6:50,6:02,72,65,1.49,0,0,0,0,0,0:00,0,0:00,No,00:02.5,15,0,1:35:41,1:41:19,594,639
Running,8/7/2020 17:42,FALSE,Fairview Park Running,8.43,874,0:53:50,160,188,4.4,162,173,6:23,5:19,170,166,1.55,0,0,0,0,0,0:00,0,0:00,No,01:31.3,10,0,0:53:45,1:03:50,598,664
Running,8/6/2020 8:06,FALSE,North Olmsted Running,7.89,767,0:58:06,141,172,2.9,157,199,7:22,4:32,147,137,1.39,0,0,0,0,0,0:00,0,0:00,No,00:22.1,16,0,0:58:03,1:02:15,623,714
Running,8/5/2020 9:49,FALSE,Middleburg Heights Running,9.03,909,1:01:27,151,171,3.7,158,166,6:48,6:17,156,160,1.5,0,0,0,0,0,0:00,0,0:00,No,00:12.0,10,0,1:01:25,1:04:01,773,912
Running,8/4/2020 8:51,FALSE,Norton Running,9.05,908,0:57:53,163,190,4.8,161,185,6:24,4:44,453,460,1.55,0,0,0,0,0,0:00,0,0:00,No,00:10.8,19,0,0:57:50,1:13:39,"1,116","1,187"
Running,8/3/2020 18:15,FALSE,North Olmsted Running,8.13,863,1:00:01,150,166,3.4,158,172,7:23,6:39,229,228,1.38,0,0,0,0,0,0:00,0,0:00,No,00:56.2,9,0,0:59:59,1:04:12,656,780
Running,8/2/2020 9:08,FALSE,Fairview Park Running,5.01,511,0:37:34,141,159,3,157,168,7:30,6:22,72,63,1.37,0,0,0,0,0,0:00,0,0:00,No,00:04.2,6,0,0:37:32,0:40:15,623,664
Running,8/1/2020 8:09,FALSE,Valley View Running,11.01,"1,117",1:14:44,155,179,4.3,161,168,6:47,6:23,87,74,1.47,0,0,0,0,0,0:00,0,0:00,No,00:04.9,12,0,1:14:42,1:15:07,593,635
Running,7/31/2020 8:07,FALSE,Medina County Running,8.79,949,0:59:27,163,188,4.7,163,191,6:46,5:01,376,394,1.46,0,0,0,0,0,0:00,0,0:00,No,05:58.9,9,0,0:59:25,0:59:36,899,"1,056"
Running,7/30/2020 8:10,FALSE,Fairview Park Running,9.01,948,1:06:29,150,172,3.4,157,171,7:23,6:07,149,149,1.39,0,0,0,0,0,0:00,0,0:00,No,00:02.2,10,0,1:06:28,1:09:48,623,737
Running,7/29/2020 8:43,FALSE,Fairview Park Running,10.02,"1,034",1:05:22,161,188,5,159,173,6:32,5:33,"1,844","1,808",1.55,0,0,0,0,0,0:00,0,0:00,No,00:03.9,11,0,1:05:17,1:07:23,502,699
Running,7/27/2020 8:09,FALSE,Fairview Park Running,8.18,904,1:00:09,154,169,3.9,157,163,7:21,6:42,"1,860","1,965",1.4,0,0,0,0,0,0:00,0,0:00,No,01:19.2,9,0,1:00:08,1:00:25,545,702
Running,7/26/2020 9:52,FALSE,Fairview Park Running,7.02,771,0:52:53,149,167,3.4,156,164,7:32,6:42,"1,768","1,926",1.37,0,0,0,0,0,0:00,0,0:00,No,00:07.5,8,0,0:52:49,0:55:43,537,705
Running,7/25/2020 8:42,FALSE,Valley View Running,10.31,"1,019",1:14:51,146,174,3.9,157,168,7:16,6:34,"1,332","1,243",1.42,0,0,0,0,0,0:00,0,0:00,No,02:13.1,11,0,1:14:48,1:18:37,533,669
Running,7/24/2020 10:21,FALSE,Middleburg Heights Running,1.51,152,0:11:09,140,155,2.1,154,165,7:22,6:54,95,131,1.42,0,0,0,0,0,0:00,0,0:00,No,03:37.3,2,0,0:11:09,0:11:15,898,977
Running,7/23/2020 8:12,FALSE,Fairview Park Running,10.01,"1,062",1:14:17,150,171,3.8,157,172,7:25,6:44,"2,070","2,070",1.38,0,0,0,0,0,0:00,0,0:00,No,00:02.6,11,0,1:14:13,1:14:27,530,719
Running,7/22/2020 17:53,FALSE,Fairview Park Running,6.86,759,0:49:59,155,184,3.7,159,234,7:17,6:24,67,63,1.39,0,0,0,0,0,0:00,0,0:00,No,05:56.0,7,0,0:49:50,0:51:38,623,665
Running,7/21/2020 9:30,FALSE,Valley View Running,9.52,949,1:00:07,163,187,4.8,162,178,6:19,5:14,62,60,1.57,0,0,0,0,0,0:00,0,0:00,No,03:38.9,10,0,1:00:05,1:08:49,594,636
Running,7/20/2020 7:53,FALSE,Fairview Park Running,8.23,802,0:59:43,145,160,3.3,158,171,7:16,6:35,60,54,1.4,0,0,0,0,0,0:00,0,0:00,No,01:32.2,9,0,0:59:40,1:01:37,623,670
Running,7/19/2020 8:46,FALSE,Willoughby Hills Running,7.01,733,0:50:16,154,180,3.8,157,164,7:11,6:34,245,247,1.43,0,0,0,0,0,0:00,0,0:00,No,00:01.6,8,0,0:50:15,0:51:09,696,897
Running,7/18/2020 8:17,FALSE,Medina County Running,13.69,"1,414",1:34:36,160,188,5,162,230,6:55,5:02,845,826,1.44,0,0,0,0,0,0:00,0,0:00,No,04:35.5,14,0,1:34:31,1:38:29,899,"1,145"
Running,7/15/2020 17:50,FALSE,Fairview Park Running,8.02,851,0:55:03,161,190,4.4,158,230,6:52,4:35,50,48,1.48,0,0,0,0,0,0:00,0,0:00,No,00:03.7,9,0,0:55:01,0:56:08,623,668
Running,7/14/2020 8:46,FALSE,North Olmsted Running,9.05,931,1:01:25,159,189,4.8,162,179,6:47,5:10,171,155,1.46,0,0,0,0,0,0:00,0,0:00,No,00:20.6,10,0,1:01:11,1:07:47,643,707
Running,7/13/2020 7:37,FALSE,Fairview Park Running,7.99,852,1:01:16,148,170,3.7,156,164,7:40,6:46,70,62,1.35,0,0,0,0,0,0:00,0,0:00,No,07:15.5,8,0,1:01:15,1:01:30,623,665
Running,7/12/2020 10:37,FALSE,Middleburg Heights Running,6.01,623,0:42:23,155,174,3.7,157,177,7:03,6:32,162,161,1.46,0,0,0,0,0,0:00,0,0:00,No,00:05.8,7,0,0:42:22,0:45:08,796,911
Running,7/11/2020 8:16,FALSE,Valley View Running,13.01,"1,290",1:27:33,160,181,5,159,170,6:44,5:55,89,83,1.5,0,0,0,0,0,0:00,0,0:00,No,00:04.5,14,0,1:27:30,1:27:40,594,652
Running,7/9/2020 8:43,FALSE,Medina County Running,8.01,881,1:00:33,157,176,4.3,158,211,7:34,5:39,335,349,1.35,0,0,0,0,0,0:00,0,0:00,No,00:01.3,9,0,1:00:31,1:03:06,897,"1,057"
Running,7/8/2020 17:54,FALSE,Fairview Park Running,8.1,812,0:57:05,154,171,3.9,157,237,7:03,5:28,79,75,1.46,0,0,0,0,0,0:00,0,0:00,No,00:32.3,9,0,0:57:01,0:58:26,623,666
Running,7/6/2020 19:33,FALSE,Fairview Park Running,2.88,300,0:20:34,157,165,3.1,155,163,7:09,6:36,--,--,1.45,0,0,0,0,0,0:00,0,0:00,No,06:02.9,3,0,0:20:34,0:20:38,727,752
Running,7/5/2020 20:08,FALSE,Fairview Park Running,0.11,7,00:35.7,140,148,1,184,193,5:25,4:41,--,--,1.62,0,0,0,0,0,0:00,0,0:00,No,00:35.7,1,0,0:00:32,00:35.7,740,743
Running,7/5/2020 18:40,FALSE,North Olmsted Running,3.85,472,0:30:03,160,171,3.5,155,170,7:48,6:49,90,80,1.33,0,0,0,0,0,0:00,0,0:00,No,06:18.8,4,0,0:30:02,0:31:10,658,716
Running,7/4/2020 8:12,FALSE,Valley View Running,12.08,"1,232",1:24:27,155,175,4.6,158,167,6:59,6:30,89,80,1.46,0,0,0,0,0,0:00,0,0:00,No,00:33.6,13,0,1:24:25,1:26:21,594,638
Running,6/30/2020 8:43,FALSE,Fairview Park Running,6.8,754,0:49:33,156,180,3.9,158,171,7:17,6:06,453,573,1.39,0,0,0,0,0,0:00,0,0:00,No,05:13.8,7,0,0:49:30,0:50:04,411,653
Running,6/29/2020 18:16,FALSE,Fairview Park Running,8.42,873,1:00:01,151,177,3.9,156,168,7:08,5:40,78,85,1.44,0,0,0,0,0,0:00,0,0:00,No,02:25.4,9,0,0:59:59,1:02:15,623,665
Running,6/28/2020 8:08,FALSE,Lakewood Running,4.01,434,0:29:42,149,159,3.1,155,163,7:24,6:24,24,27,1.4,0,0,0,0,0,0:00,0,0:00,No,00:04.7,5,0,0:29:41,0:31:11,578,611
Running,6/27/2020 8:34,FALSE,Valley View Running,11.16,"1,144",1:20:19,152,172,3.9,154,167,7:12,6:42,80,73,1.43,0,0,0,0,0,0:00,0,0:00,No,01:07.9,12,0,1:20:17,1:27:01,594,633
Running,6/25/2020 11:19,FALSE,Lakewood Running,2.36,241,0:17:11,147,166,2.5,154,165,7:17,6:45,60,74,1.43,0,0,0,0,0,0:00,0,0:00,No,02:32.0,3,0,0:17:09,0:24:51,584,618
Running,6/23/2020 7:41,FALSE,Brecksville Running,8,804,0:51:57,163,186,4.7,161,185,6:29,4:57,62,60,1.54,0,0,0,0,0,0:00,0,0:00,No,00:00.9,9,0,0:51:54,0:58:26,627,659
Running,6/22/2020 8:50,FALSE,Fairview Park Running,6.92,714,0:54:24,144,159,3.3,155,166,7:52,7:03,61,58,1.32,0,0,0,0,0,0:00,0,0:00,No,06:57.7,7,0,0:54:23,0:55:27,623,681
Running,6/21/2020 8:57,FALSE,Brecksville Running,6.01,589,0:37:40,168,178,4.3,161,168,6:16,5:48,41,34,1.59,0,0,0,0,0,0:00,0,0:00,No,00:02.8,7,0,0:37:37,0:39:21,625,656
Running,6/20/2020 9:14,FALSE,Valley View Running,10.01,"1,103",1:09:21,168,187,5,158,163,6:56,6:24,68,59,1.47,0,0,0,0,0,0:00,0,0:00,No,00:03.5,11,0,1:09:19,1:10:22,595,633
Running,6/19/2020 8:43,FALSE,Fairview Park Running,6.09,716,0:46:36,158,166,4,155,163,7:39,6:07,48,49,1.36,0,0,0,0,0,0:00,0,0:00,No,00:36.6,7,0,0:46:33,0:48:10,623,663
Running,6/17/2020 18:21,FALSE,North Olmsted Running,6.94,775,0:51:59,152,172,3.7,156,178,7:29,6:52,235,225,1.38,0,0,0,0,0,0:00,0,0:00,No,06:50.3,7,0,0:51:58,0:54:35,657,779
Running,6/15/2020 8:44,FALSE,Fairview Park Running,7.13,761,0:52:49,148,164,3.5,155,167,7:24,6:16,75,74,1.4,0,0,0,0,0,0:00,0,0:00,No,00:51.7,8,0,0:52:47,0:56:16,623,666
Running,6/14/2020 10:26,FALSE,Middleburg Heights Running,1.01,102,07:35.0,139,156,1.8,155,164,7:30,6:43,15,26,1.39,0,0,0,0,0,0:00,0,0:00,No,00:04.2,2,0,07:34.8,07:35.0,866,915
Running,6/12/2020 9:23,FALSE,Medina County Running,7.01,779,0:54:30,152,181,3.6,158,237,7:47,6:13,635,631,1.31,0,0,0,0,0,0:00,0,0:00,No,00:02.8,8,0,0:54:25,1:05:55,919,"1,290"
Running,6/9/2020 8:41,FALSE,Fairview Park Running,5.49,653,0:41:05,153,169,3.6,157,166,7:29,6:44,29,24,1.37,0,0,0,0,0,0:00,0,0:00,No,03:35.3,6,0,0:41:05,0:41:50,623,657
Running,6/8/2020 11:44,FALSE,Middleburg Heights Running,8.57,882,0:56:26,167,189,4,160,177,6:35,5:22,192,191,1.53,0,0,0,0,0,0:00,0,0:00,No,03:54.0,9,0,0:56:21,0:59:37,798,912
Running,6/7/2020 8:45,FALSE,Valley View Running,9.01,809,1:00:25,154,160,3.3,158,165,6:42,6:17,82,82,1.52,0,0,0,0,0,0:00,0,0:00,No,00:02.5,10,0,1:00:23,1:02:44,594,633
Running,6/5/2020 7:38,FALSE,Medina County Running,5.4,597,0:40:01,162,186,3.5,157,171,7:25,6:43,241,238,1.38,0,0,0,0,0,0:00,0,0:00,No,02:41.1,6,0,0:40:00,0:41:42,924,"1,023"
Running,6/4/2020 15:20,FALSE,Strongsville Running,5.79,655,0:40:02,170,189,4,160,172,6:55,6:26,76,66,1.46,0,0,0,0,0,0:00,0,0:00,No,05:28.9,6,0,0:40:00,0:42:06,784,831
Running,6/2/2020 9:53,FALSE,Middleburg Heights Running,4.22,418,0:30:04,151,174,2.9,158,174,7:07,6:32,398,388,1.44,0,0,0,0,0,0:00,0,0:00,No,01:28.7,5,0,0:30:02,0:33:56,810,"1,148"
Running,6/1/2020 14:48,FALSE,Strongsville Running,4.8,480,0:35:34,149,163,2.8,155,164,7:24,6:43,67,46,1.41,0,0,0,0,0,0:00,0,0:00,No,05:54.9,5,0,0:35:33,0:39:20,815,854
Running,5/31/2020 9:39,FALSE,North Olmsted Running,3.03,322,0:22:58,149,165,2.6,156,174,7:35,6:37,125,93,1.36,0,0,0,0,0,0:00,0,0:00,No,00:08.6,4,0,0:22:56,0:25:36,649,762
Running,5/30/2020 9:20,FALSE,Valley View Running,8.01,771,0:55:33,154,170,3.3,158,168,6:56,6:33,51,42,1.48,0,0,0,0,0,0:00,0,0:00,No,00:02.3,9,0,0:55:30,0:58:40,597,627
Running,5/28/2020 9:08,FALSE,Middleburg Heights Running,6.01,614,0:42:35,157,173,3.6,157,166,7:05,6:36,134,130,1.45,0,0,0,0,0,0:00,0,0:00,No,00:08.4,7,0,0:42:34,0:43:33,771,912
Running,5/27/2020 10:08,FALSE,Middleburg Heights Running,5.58,572,0:40:25,157,178,3.5,157,175,7:15,6:38,159,156,1.42,0,0,0,0,0,0:00,0,0:00,No,04:06.2,6,0,0:40:24,0:44:54,776,912
Running,5/23/2020 18:58,FALSE,Middleburg Heights Running,4.25,460,0:30:24,163,183,3.5,158,166,7:09,6:32,135,120,1.43,0,0,0,0,0,0:00,0,0:00,No,01:48.0,5,0,0:30:20,0:32:42,811,914
Running,5/20/2020 12:05,FALSE,Middleburg Heights Running,4.26,447,0:30:29,159,180,3.4,157,168,7:09,6:33,126,111,1.43,0,0,0,0,0,0:00,0,0:00,No,01:51.4,5,0,0:30:27,0:31:56,811,912
Running,5/19/2020 18:11,FALSE,Fairview Park Running,5.73,614,0:42:48,157,173,3.4,154,161,7:28,7:01,105,104,1.42,0,0,0,0,0,0:00,0,0:00,No,05:24.9,6,0,0:42:46,0:47:12,607,662
Running,5/16/2020 10:51,FALSE,Fairview Park Running,2.32,216,0:18:01,137,145,2,156,160,7:46,7:26,58,17,1.34,0,0,0,0,0,0:00,0,0:00,No,02:29.3,3,0,0:18:01,0:18:01,618,668
Running,5/14/2020 9:33,FALSE,Berea Running,3.05,271,0:22:31,139,148,2.2,155,166,7:23,6:52,11,17,1.42,0,0,0,0,0,0:00,0,0:00,No,00:16.3,4,0,0:22:29,0:22:37,748,779
Running,5/13/2020 19:35,FALSE,Middleburg Heights Running,2.53,199,0:17:44,135,143,2,156,163,7:00,6:34,86,84,1.48,0,0,0,0,0,0:00,0,0:00,No,03:43.9,3,0,0:17:42,0:19:23,865,925
Running,5/12/2020 12:54,FALSE,Fairview Park Running,3.12,261,0:23:02,138,157,2.2,155,166,7:23,6:54,38,33,1.4,0,0,0,0,0,0:00,0,0:00,No,00:52.0,4,0,0:23:02,0:26:34,623,648
Running,5/10/2020 15:59,FALSE,Strongsville Running,1.99,178,0:14:45,141,163,2.2,156,166,7:25,7:10,7,20,1.39,0,0,0,0,0,0:00,0,0:00,No,07:22.0,2,0,0:14:42,0:15:21,768,797
Running,5/9/2020 14:59,FALSE,Middleburg Heights Running,3.01,335,0:23:14,159,178,3.1,157,168,7:43,6:50,96,93,1.33,0,0,0,0,0,0:00,0,0:00,No,00:04.6,4,0,0:23:12,0:23:14,792,820
Running,5/8/2020 14:16,FALSE,Fairview Park Running,4.01,420,0:31:01,152,165,3,154,162,7:45,7:17,32,29,1.35,0,0,0,0,0,0:00,0,0:00,No,00:03.1,5,0,0:31:00,0:34:59,623,655
Running,5/7/2020 15:05,FALSE,Strongsville Running,3.01,321,0:22:09,159,175,3.1,157,163,7:21,6:47,6,18,1.4,0,0,0,0,0,0:00,0,0:00,No,00:03.6,4,0,0:22:06,0:24:13,768,801
Running,5/5/2020 13:13,FALSE,Middleburg Heights Running,2.05,214,0:14:21,164,180,2.9,158,168,7:01,6:44,39,30,1.46,0,0,0,0,0,0:00,0,0:00,No,00:19.4,3,0,0:14:18,0:14:28,889,935
Running,5/3/2020 17:00,FALSE,Middleburg Heights Running,1.51,135,09:07.9,163,184,2.3,163,171,6:03,5:19,6,65,1.64,0,0,0,0,0,0:00,0,0:00,No,02:48.4,2,0,09:06.4,0:10:16,830,889
Running,4/27/2020 10:09,FALSE,North Olmsted Running,5.02,524,0:36:04,162,172,3.5,159,177,7:11,6:41,104,85,1.41,0,0,0,0,0,0:00,0,0:00,No,00:07.5,6,0,0:36:03,0:38:43,648,720
Running,4/23/2020 17:29,FALSE,Fairview Park Running,5.04,521,0:39:16,153,170,3.1,155,166,7:48,7:18,40,34,1.34,0,0,0,0,0,0:00,0,0:00,No,00:16.6,6,0,0:39:14,0:54:08,623,655
Running,4/18/2020 17:39,FALSE,Strongsville Running,3.19,308,0:23:51,150,170,2.9,155,164,7:29,7:04,42,37,1.39,0,0,0,0,0,0:00,0,0:00,No,01:25.5,4,0,0:23:50,0:26:03,778,816
Running,4/17/2020 9:46,FALSE,Fairview Park Running,4.39,443,0:33:52,153,168,3.3,155,160,7:43,6:22,32,29,1.35,0,0,0,0,0,0:00,0,0:00,No,02:54.8,5,0,0:33:52,0:43:11,623,656
Running,4/15/2020 10:20,FALSE,Running,5.08,556,0:38:36,162,177,3.7,157,177,7:36,7:13,935,896,1.36,0,0,0,0,0,0:00,0,0:00,No,00:34.0,6,0,0:38:30,0:45:12,589,735
Running,4/13/2020 18:35,FALSE,Running,4.01,400,0:29:28,156,175,3.3,158,168,7:21,7:04,"1,335",784,1.39,0,0,0,0,0,0:00,0,0:00,No,00:03.3,5,0,0:29:22,0:31:00,-175,963
Running,4/11/2020 10:11,FALSE,Running,4.09,407,0:30:56,152,175,3.2,156,164,7:33,7:11,581,758,1.37,0,0,0,0,0,0:00,0,0:00,No,00:42.1,5,0,0:30:53,0:35:35,585,805
Running,4/10/2020 17:18,FALSE,Running,4.03,424,0:29:15,163,180,3.5,160,170,7:15,6:56,459,492,1.4,0,0,0,0,0,0:00,0,0:00,No,00:14.5,5,0,0:29:04,0:30:39,763,974
Running,4/6/2020 10:19,FALSE,Running,4.09,447,0:30:24,161,177,3.4,157,164,7:26,7:03,774,732,1.38,0,0,0,0,0,0:00,0,0:00,No,00:39.5,5,0,0:30:21,0:35:38,517,718
Running,4/4/2020 14:26,FALSE,Running,4.12,456,0:28:37,173,190,3.9,162,170,6:57,6:38,466,466,1.44,0,0,0,0,0,0:00,0,0:00,No,00:48.7,5,0,0:28:34,0:31:21,768,932
Running,4/2/2020 17:44,FALSE,Running,3.51,380,0:24:55,165,181,3.4,161,170,7:06,6:47,400,400,1.42,0,0,0,0,0,0:00,0,0:00,No,03:30.9,4,0,0:24:50,0:25:58,771,905
Running,3/31/2020 12:21,FALSE,Running,3.04,350,0:22:39,166,181,3.3,158,168,7:27,7:05,223,266,1.38,0,0,0,0,0,0:00,0,0:00,No,00:01.9,6,0,0:22:36,0:23:02,841,963
Running,1/12/2020 10:29,FALSE,Fairview Park Running,7.03,652,0:50:44,155,185,3.8,162,177,7:13,6:26,65,55,1.38,0,0,0,0,0,0:00,0,0:00,No,00:11.8,8,0,0:50:41,0:53:20,623,661
